TITLE,Added,Native 4K,Upscaled 4K,HDR,Dolby Vision,Audio
12 Monkeys (1995),May 2022,Native 4K,,HDR10,Dolby Vision,5.1 DTS-HD-MA
1776 (1972),,Native 4K,,HDR10,Dolby Vision,"Dolby Atmos, True-HD 7.1"
13 Hours: The Secret Soldiers of Benghazi (2016),,,Upscaled 4K,HDR10,Dolby Vision,"Dolby Atmos, True-HD 7.1"
1917 (2019),,Native 4K,,HDR,Dolby Vision,"Dolby Atmos, True-HD 7.1"
2 Fast 2 Furious (2003),,Native 4K,,HDR10,,"DTS: X, 7.1 DTS-HD MA"
2001: ​A Space Odyssey,,Native 4K,,HDR,Dolby Vision,5.1 DTS-HD MA
2012 (2009),,,Upscaled 4K,HDR10,,"Dolby Atmos, True-HD 7.1"
21 Jump Street (2012),,,Upscaled 4K,HDR10,,"Dolby Atmos, True-HD 7.1"
22 Jump Street (2014),,,Upscaled 4K,HDR,,5.1 DTS-HD MA
3 from Hell (2019),,,Upscaled 4K,HDR10,,"Dolby Atmos, True-HD 7.1"
3:10 To Yuma (2007),,,Upscaled 4K,HDR,,"DTS: X, 7.1 DTS-HD MA"
300 (2007),,,Upscaled 4K,HDR10,,"Dolby Atmos, True-HD 7.1"
47 Ronin (2013),,,Upscaled 4K,HDR10,,"DTS: X, 7.1 DTS-HD MA"
48 Hrs. (1982),Aug 2022,Native 4K,,HDR10,,Dolby True-HD 5.1
A Bad Moms Christmas,,,Upscaled 4K,HDR,,7.1 DTS
A Beautiful Day in the Neighborhood (2019),,Native 4K,,HDR,,"DTS: X, 7.1 DTS-HD MA"
A fistful of Dollars (1964),May 2022,Native 4K,,,,5.1 DTS-HD-MA
A Few Good Men,,Native 4K,,HDR,,"Dolby Atmos, True-HD 7.1"
A Hard Day's Night (1964),May 2022,,,HDR10,Dolby Vision,5.1 DTS-HD-MA
A League of Their Own (1992),,Native 4K,,HDR10,,"Dolby Atmos, True-HD 7.1"
A Perfect Planet (2021),,Native 4K,,HDR10,,"Dolby Atmos, True-HD 7.1"
A Quiet Place (2018),,,Upscaled 4K,HDR,Dolby Vision,"Dolby Atmos, True-HD 7.1"
A Quiet Place Part II (2020),Aug 2021,,Upscaled 4K,HDR10,Dolby Vision,"Dolby Atmos, True-HD 7.1"
A simple Favour,,,Upscaled 4K,HDR,Dolby Vision,True-HD 7.1 (No Atmos)
A Star Was Born,,,Upscaled 4K,HDR,Dolby Vision,"Dolby Atmos, True-HD 7.1"
Ad Astra (2019),Feb 2022,,Upscaled 4K,HDR10,,"Dolby Atmos, True-HD 7.1"
Abominable (2019),,,Upscaled 4K,HDR10,,"Dolby Atmos, True-HD 7.1"
About Last Night (2014),,Native 4K,,,,5.1 Surround
Across The Universe,,Native 4K,,HDR,,"Dolby Atmos, True-HD 7.1"
After Earth,,Native 4K,,HDR,,5.1 DTS-HD-MA
Aircraft Carrier: Guardian of the Seas,,Native 4K,,HDR,,"Dolby Atmos, True-HD 7.1"
Akira (1988),,Native 4K,,HDR10,,Dolby True-HD 5.1
Aladdin (2019),,,Upscaled 4K,HDR & HDR10+,,"Dolby Atmos, True-HD 7.1"
Alien (1979),May 2022,Native 4K,,HDR10+,,5.1 DTS-HD-MA
Alien: Covenant (2017),,,Upscaled 4K,HDR,,"Dolby Atmos, True-HD 7.1"
Alita: Battle Angel,,,Upscaled 4K,HDR & HDR10+,Dolby Vision,"Dolby Atmos, True-HD 7.1"
Allegiant,,Native 4K,,HDR,,"Dolby Atmos, True-HD 7.1"
Allied,,Native 4K,,HDR,,5.1 DTS-HD-MA
Alligator (1980),Jan 2022,Native 4K,,HDR & HDR10+,Dolby Vision,2.0 DTS-HD-MA
Amost Famous (2000),May 2022,Native 4K,,HDR,Dolby Vision,5.1 DTS-HD-MA
Aloha,,Native 4K,,,,5.1 DTS-HD-MA
Altered Carbon,,Native 4K,,HDR,Dolby Vision,"Dolby Atmos, True-HD 7.1"
Ambulance (2022),May 2022,Native 4K,,HDR10,Dolby Vision,"Dolby Atmos, True-HD 7.1"
American Assassin,,,Upscaled 4K,HDR,,"Dolby Atmos, True-HD 7.1"
American Gangster,,Native 4K,,HDR10+,,"DTS:X, 7.1 DTS-HD MA"
American Hustle,,Native 4K,,,,5.1 DTS-HD-MA
"American Made (Shot digitally at
2.8K, restricted to 2K)",,,Upscaled 4K,HDR,,"DTS:X, 7.1 DTS-HD MA"
American Psycho,,Native 4K,,HDR,Dolby Vision,"Dolby Atmos, True-HD 7.1"
American Sniper,,,Upscaled 4K,HDR,,
American Underdog (2021),May 2022,Native 4K,,HDR10,Dolby Vision,"Dolby Atmos, True-HD 7.1"
An American Werewolf in London (1981),May 2022,Native 4K,,HDR10,Dolby Vision,5.1 DTS-HD-MA
Angel Has Fallen (2019),,Native 4K,,HDR10,Dolby Vision,"Dolby Atmos, True-HD 7.1"
Angels and Demons,,Native 4K,,HDR,,Dolby Atmos True-HD
Animal House (1978),,Native 4K,,HDR10,,"DTS:-X, DTS-HD MA"
Anna (2019),,,Upscaled 4K,HDR10,Dolby Vision,"Dolby Atmos, True-HD 7.1"
Annabelle,,,Upscaled 4K,,,
Annabelle: Creation,,,Upscaled 4K,HDR,,
Annie (2014),,Native 4K,,,,
Annihilation (2018),,Native 4K,,HDR,Dolby Vision,Dolby Atmos True-HD
Ant-Man (2015),,,Upscaled 4K,HDR10,,"Dolby Atmos, True-HD 7.1"
Ant-Man and the Wasp (2018),,,Upscaled 4K,HDR,,Dolby Atmos True-HD
Antebellum (2020),,,Upscaled 4K,HDR10,Dolby Vision,"Dolby Atmos, True-HD 7.1"
Apocalypse Now (1979) Final Cut,,Native 4K,,HDR10,Dolby Vision,"Dolby Atmos, True-HD 7.1"
Apollo 13,,Native 4K,,HDR,,7.1 DTS HD-MA
Aquaman,,,Upscaled 4K,HDR10,Dolby Vision,"Dolby Atmos, True-HD 7.1"
Aqua Teen Forever: Plantasm (2022),Aug 2022,,Upscaled 4K,HDR10,,
Argo,,,Upscaled 4K,HDR,,
Army of Darkness (1992),Aug 2022,Native 4K,,HDR10,,5.1 DTS-HD-MA
Arrival,,,Upscaled 4K,HDR,,7.1 DTS HD-MA
Assassin’s Creed,,Native 4K,,HDR,,"Dolby Atmos, True-HD 7.1"
Atomic Blonde,,,Upscaled 4K,HDR,,7.1 DTS HD-MA
Avengers Assemble,,,Upscaled 4K,HDR,,"Dolby Atmos, True-HD 7.1"
Avengers: Age of Ultron,,,Upscaled 4K,HDR,,"Dolby Atmos, True-HD 7.1"
Avengers: Endgame (2019),,,Upscaled 4K,HDR10,,"Dolby Atmos, True-HD 7.1"
Avengers: Infinity War,,,Upscaled 4K,HDR,,"Dolby Atmos, True-HD 7.1"
Baby Driver,,,Upscaled 4K,HDR,,"Dolby Atmos, True-HD 7.1"
Back to the Future (1985),,Native 4K,,HDR10+,Dolby Vision,"Dolby Atmos, True-HD 7.1"
Back to the Future Part II (1989),,Native 4K,,HDR10+,Dolby Vision,"Dolby Atmos, True-HD 7.1"
Back to the Future Part III (1990),,Native 4K,,HDR10+,Dolby Vision,"Dolby Atmos, True-HD 7.1"
Backdraft (1991),,Native 4K,,HDR,,"DTS:-X, DTS-HD MA"
Bad Boys (1995),,Native 4K,,HDR,,"Dolby Atmos, True-HD 7.1"
Bad Boys 2 (2003),,Native 4K,,HDR,,"Dolby Atmos, True-HD 7.1"
Bad Boys for Life (2019),,Native 4K,,HDR10,,"DTS:-X, DTS-HD MA 7.1"
Bad Santa 2,,Native 4K,,HDR,,5.1
Bad Teacher,,Native 4K,,,,
Bad Times at the El Royale,,Native 4K,,HDR,,"Dolby Atmos, True-HD 7.1"
Batman (1989),,Native 4K,,HDR,,"Dolby Atmos, True-HD 7.1"
Batman Returns (1992),,Native 4K,,HDR,,"Dolby Atmos, True-HD 7.1"
Batman Forever (1995),,Native 4K,,HDR10,,"Dolby Atmos, True-HD 7.1"
Batman & Robin (1997),,Native 4K,,HDR,,"Dolby Atmos, True-HD 7.1"
Batman Begins (2005),,Native 4K,,HDR,,5.1 DTS-HD-MA
"Batman and Superman: Battle of the 
Super Sons (2022)",Aug 2022,,Upscaled 4K,HDR10,,5.1 DTS-HD-MA
Batman v Superman: Dawn of Justice (2016),,Native 4K,,HDR10,,"Dolby Atmos, True-HD 7.1"
Batman And Harley Quinn (2017),,,Upscaled 4K,HDR,,5.1
Batman: Gotham By Gaslight (2018),,,Upscaled 4K,HDR,,5.1 DTS-HD-MA
Batman vs. Teenage Mutant Nina Turtles (2019),Feb 2022,,Upscaled 4K,HDR10,,5.1 DTS-HD-MA
Batman: Hush (2019),,,Upscaled 4K,HDR,,5.1 DTS-HD-MA
Batman: Soul of the Dragon (2021),,,Upscaled 4K,HDR10,,5.1 DTS-HD-MA
Battle: Los Angeles,,Native 4K,,,,
Battleship,,,Upscaled 4K,HDR,,7.1 DTS HD-MA
Baywatch,,,Upscaled 4K,HDR,,"Dolby Atmos, True-HD 7.1"
Beetlejuice (1998),,Native 4K,,HDR10,,"Dolby Atmos, True-HD 7.1"
Better Call Saul,,Native 4K,,,,
Beverly Hills Cop (1984),,Native 4K,,HDR,Dolby Vision,5.1 DTS-HD-MA
Beverly Hills Cop II (1987),May 2022,Native 4K,,HDR,Dolby Vision,5.1 DTS-HD-MA
Beyond Skyline,,,Upscaled 4K,,,
Big Hero 6,,,Upscaled 4K,HDR10,,"Dolby Atmos, True-HD 7.1"
Bill & Ted's Excellent Adventure (1989),Aug 2022,Native 4K,,HDR10,Dolby Vision,5.1 DTS-HD-MA
Billy Lynn's Long Halftime Walk,,Native 4K,,HDR,,"Dolby Atmos, True-HD 7.1"
Birds of Prey (2020),,Native 4K,,HDR10+,Dolby Vision,"Dolby Atmos, True-HD 7.1"
Birth of a Nation (2016),,,Upscaled 4K,HDR,,
Black Hawk Down,,Native 4K,,HDR,,"Dolby Atmos, True-HD 7.1"
Black Mass,,Native 4K,,HDR,,
Black Mirror,,Native 4K,,,,
Black Panther,,,Upscaled 4K,HDR,Dolby Vision,"Dolby Atmos, True-HD 7.1"
Black Widow (2021),Feb 2022,,Upscaled 4K,HDR10,,"Dolby Atmos, True-HD 7.1"
BlacKkKlansman,,Native 4K,,HDR,Dolby Vision,
Blade (1998),,Native 4K,,HDR10,,"Dolby Atmos, True-HD 7.1"
Blade Runner 2049,,Native 4K (3.4K),,HDR,,"Dolby Atmos, True-HD 7.1"
Blade Runner: The Final Cut,,Native 4K,,HDR,,"Dolby Atmos, True-HD 7.1"
Bloodline,,Native 4K,,HDR,,
Bloodshot (2020),,Native 4K,,HDR10,,"Dolby Atmos, True-HD 7.1"
Blue Hawaii (1961),Aug 2022,Native 4K,,HDR10,Dolby Vision,
Blue Planet II,,Native 4K,,HDR,,5.1 DTS-HD-MA
Body Double,,Native 4K,,,,
Bohemian Rhapsody,,,Upscaled 4K,HDR,,"Dolby Atmos, True-HD 7.1"
Bosch,,Native 4K,,HDR,,
Boyz n the Hood (1991),,Native 4K,,HDR,,"Dolby Atmos, True-HD 7.1"
Bram Stoker’s Dracula,,Native 4K,,HDR,,7.1
Brave (2012),,,Upscaled 4K,HDR10,Dolby Vision,"Dolby Atmos, True-HD 7.1"
Braveheart (1995),,Native 4K,,HDR,,"Dolby Atmos, True-HD 7.1"
Brawl In Cell Block 99,,,Upscaled 4K,,,5.1
Breaking Bad,,Native 4K,,,,
Breakthrough (2019),,,Upscaled 4K,HDR10+,,DTS-HD MA 7.1
Bridesmaids,,,Upscaled 4K,,,
Bright,,Native 4K,,HDR,,
Brightburn (2019),,,Upscaled 4K,HDR10,,"Dolby Atmos, True-HD 7.1"
Brotherhood Of The Blades 2: The Infernal Battlefield,,,Upscaled 4K,HDR,,
Bullet Train (2022),Aug 2022,Native 4K,,HDR10,Dolby Vision,"Dolby Atmos, True-HD 7.1"
Bumblebee (2018),,,Upscaled 4K,HDR,Dolby Vision,"Dolby Atmos, True-HD 7.1"
Butch Cassidy And The Sundance Kid,,Native 4K,,,,
Candyman (2021),Feb 2022,,Upscaled 4K,HDR10,,"Dolby Atmos, True-HD 7.1"
Captain America: Civil War,,,Upscaled 4K,HDR,,"Dolby Atmos, True-HD 7.1"
Captain America: The First Avenger,,,Upscaled 4K,HDR,,"Dolby Atmos, True-HD 7.1"
Captain America: The Winter Soldier,,,Upscaled 4K,HDR,,"Dolby Atmos, True-HD 7.1"
Captain Marvel (2019),,,Upscaled 4K,HDR10,,"Dolby Atmos, True-HD 7.1"
Captain Underpants (2017),,,Upscaled 4K,HDR,,"Dolby Atmos, True-HD 7.1"
Candyman (1992),May 2022,Native 4K,,HDR10,Dolby Vision,"Dolby Atmos, True-HD 7.1"
Cars (2006),,,Upscaled 4K,HDR10,,"Dolby Atmos, True-HD 7.1"
Cars 2,,,Upscaled 4K,HDR10,,"Dolby Atmos, True-HD 7.1"
Cars 3,,,Upscaled 4K,HDR10,,"Dolby Atmos, True-HD 7.1"
Casino (1995),,Native 4K,,HDR10,,"DTS:X, DTS-HD MA 7.1"
Casino Royale (2006),,,Upscaled 4K,HDR,Dolby Vision,5.1 DTS-HD-MA
Catwoman: Hunted (2022),May 2022,,Upscaled 4K,HDR10,,5.1 DTS-HD-MA
Central Intelligence,,,Upscaled 4K,HDR,,5.1 DTS-HD-MA
Chaos Walking (2021),,Native 4K,,HDR10,Dolby Vision,"Dolby Atmos, True-HD 7.1"
Chappie,,Native 4K,,HDR,,7.1
Charlie's Angels (2000),,Native 4K,,HDR10,,"Dolby Atmos, True-HD 7.1"
Chernobyl (2019) TV Mini Series,,Native 4K,,HDR10,,5.1 DTS-HD-MA
Child's Play (1988),Aug 2022,Native 4K,,HDR10,Dolby Vision,"Dolby Atmos, True-HD 7.1"
Child's Play 2 (1990),Aug 2022,Native 4K,,HDR10,Dolby Vision,"Dolby Atmos, True-HD 7.1"
Child's Play 3 (1991),Aug 2022,Native 4K,,HDR10,Dolby Vision,"Dolby Atmos, True-HD 7.1"
Children Shouldn't Play with Dead Things (1973),Aug 2022,Native 4K,,,,LPCM 2.0 Mono
CHiPS,,,Upscaled 4K,HDR,,
Cinderalla (2015),,,Upscaled 4K,HDR10,,"Dolby Atmos, True-HD 7.1"
Cinema Paradiso (1988),,Native 4K,,HDR10+,Dolby Vision,5.1 DTS-HD-MA (Italian)
Citizen Kane (1941),May 2022,Native 4K,,HDR10,Dolby Vision,LPCM (mono)
Clear And Present Danger,,Native 4K,,HDR,Dolby Vision,True-HD 5.1
Clear and Present Danger,,Native 4K,,HDR,Dolby Vision,
Cliffhanger,,Native 4K,,HDR,Dolby Vision,5.1 DTS-HD-MA
Cloak & Dagger (1984),May 2022,Native 4K,,HDR10,,2.0 DTS-HD MA
Close Encounters of the Third Kind (1977),,Native 4K,,HDR10,,5.1 DTS-HD-MA
Cloverfield Collection,,,Upscaled 4K,HDR,,"5.1, 7.1"
Coco,,,Upscaled 4K,HDR,,"Dolby Atmos, True-HD 7.1"
Cold Pursuit (2019),,,Upscaled 4K,HDR,Dolby Vision,"Dolby Atmos, True-HD 7.1"
Collateral (2004),,,Upscaled 4K,HDR10,Dolby Vision,5.1 DTS-HD-MA
Color Out of Space (2019),,Native 4K,,TBC,TBC,5.1 DTS-HD-MA
Coming to America (1998),,Native 4K,,HDR10,Dolby Vision,5.1 DTS-HD-MA
Complete Unknown,,Native 4K,,,,
Conan The Barbarian (2011),,,Upscaled 4K,HDR,Dolby Vision,7.1
Concussion,,,Upscaled 4K,HDR,,7.1
Crank,,,Upscaled 4K,HDR,,"Dolby Atmos, True-HD 7.1"
Crazy Rich Asians,,,Upscaled 4K,HDR,,5.1 DTS-HD MA
Creed,,,Upscaled 4K,HDR,,7.1 DTS HD-MA
Creed II,,,Upscaled 4K,HDR,,"Dolby Atmos, True-HD 7.1"
Criminal,,,Upscaled 4K,HDR,,5.1
Crouching Tiger Hidden Dragon,,Native 4K,,HDR,,"Dolby Atmos, True-HD 7.1"
Crouching Tiger Hidden Dragon: Sword of Destiny,,Native 4K,,,,
Cruella (2021),Jan 2022,,Upscaled 4K,HDR10,,"Dolby Atmos, True-HD 7.1"
Cry Macho (2021),Feb 2022,,Upscaled 4K,HDR10,,5.1 DTS-HD-MA
Daddy’s Home,,,Upscaled 4K,HDR,,7.1
Daddy’s Home 2,,,Upscaled 4K,HDR,Dolby Vision,Dolby Atmos True-HD
Daredevil,,Native 4K,,HDR,,
Darkest Hour,,Native 4K,,HDR,,Dolby Atmos True-HD
Daughters of Darkness (1971),,Native 4K,,HDR10,Dolby Vision,"Dolby Atmos, True-HD 7.1"
Dawn of the Planet of the Apes,,,Upscaled 4K,HDR,,7.1 DTS HD-MA
Daybreakers (2009),,,Upscaled 4K,HDR10+,Dolby Vision,"Dolby Atmos, True-HD 7.1"
Days of Thunder (1990),,Native 4K,,HDR10,Dolby Vision,"Dolby Atmos, True-HD 7.1"
Dead & Buried (1981),,Native 4K,,HDR10,Dolby Vision,"Dolby Atmos, True-HD 7.1"
Dead Heat (1988),May 2022,Native 4K,,HDR10,,DTS-HD MA 2.0 Mono
Deadly Games (1989),,Native 4K,,HDR10,,2.0 DTS-HD MA
Deadpool,,Native 4K,,HDR,,Dolby Atmos True-HD
Deadpool 2,,Native 4K,,HDR,,Dolby Atmos True-HD
Death on the Nile (2022),April 2022,Native 4K,,HDR10,,"Dolby Atmos, True-HD 7.1"
Death Wish II (1982),May 2022,Native 4K,,HDR10,,2.0 DTS-HD MA
Deep Red (1975),Aug 2021,Native 4K,,HDR10,Dolby Vision,2.0 DTS-HD MA
Deepwater Horizon,,,Upscaled 4K,HDR,,Dolby Atmos True-HD
Deliver Us From Evil,,Native 4K,,,,
Despicable Me,,,Upscaled 4K,HDR,Dolby Vision,"DTS: X, 7.1 DTS HD-MA"
Despicable Me 2,,,Upscaled 4K,HDR,Dolby Vision,"DTS: X, 7.1 DTS HD-MA"
Die Hard,,Native 4K,,HDR,,5.1 DTS-HD MA
District 9 (2009),,,Upscaled 4K,HDR10,,"Dolby Atmos, TrueHD 7.1"
Divergent,,,Upscaled 4K,HDR,,"DTS: X, 7.1 DTS HD-MA"
Django (1966),,Native 4K,,HDR,Dolby Vision,DTS-HD MA - Audio Mono
Do the Right Think (1989),,Native 4K,,HDR10,,"DTS: X, 7.1 DTS HD-MA"
Doctor Sleep (2019),,Native 4K,,HDR10+,Dolby Vision,"Dolby Atmos, True-HD 7.1"
Doctor Strange (2016),,,Upscaled 4K,HDR10,,"Dolby Atmos, True-HD 7.1"
Docotor Strange in the Multiverse of Madness (2022),Nov 2022,Native 4K,,HDR10,,"Dolby Atmos, True-HD 7.1"
Dolittle (2020),Feb 2022,,Upscaled 4K,HDR10+,,"Dolby Atmos, True-HD 7.1"
Donnie Darko (2001),April 2022,Native 4K,,HDR10,Dolby Vision,5.1 DTS-HD-MA
Double Indemnity (1944),May 2022,Native 4K,,HDR10,Dolby Vision,Mono (LPCM)
Downsizing (2017),,,Upscaled 4K,HDR,,"DTS: X, 7.1 DTS HD-MA"
Downton Abbey (2019),May 2022,Native 4K,,HDR10,Dolby Vision,"Dolby Atmos, True-HD 7.1"
Dr. Seuss' How the Grinch Stole Christmas (2000),,Native 4K,,HDR10,,"DTS: X, 7.1 DTS HD-MA"
"Dr. Strangelove or: How I Learned to
Stop Worrying and Love the Bomb (1964)",,Native 4K,,HDR10,,DTS-HD MA 2.0 Mono
Dracula (1931),Aug 2022,Native 4K,,HDR10,,DTS-HD MA 2.0 Mono
Dracula Untold,,,Upscaled 4K,HDR,,"DTS: X, 7.1 DTS HD-MA"
Dracula Sucks (1978),May 2022,Native 4K,,HDR10,,2.0 DTS-HD MA
Dredd (2012),,,Upscaled 4K,HDR,,Dolby Atmos True-HD
Dressed to Kill (1980),Aug 2022,Native 4K,,HDR10,Dolby Vision,DTS-HD MA - Audio Mono
Drive (2011),Jan 2023,,Upscaled 4K,HDR10,Dolby Vision,"Dolby Atmos, True-HD 7.1"
Dumbo (2019),,,Upscaled 4K,HDR,,"Dolby Atmos, TrueHD 7.1"
Dune (1984),,Native 4K,,HDR10,Dolby Vision,5.1 DTS-HD MA
Dune (2021),Jan 2022,Native 4K,,HDR10,Dolby Vision,"Dolby Atmos, True-HD 7.1"
Dunkirk,,Native 4K,,HDR,,5.1 DTS-HD MA
E.T. The Extra Terrestrial (1982),,Native 4K,,HDR,,"DTS: X, 7.1 DTS-HD"
Early Man,,Native 4K,,HDR,,Dolby Atmos True-HD
Earth: One Amazing Day (2017),,Native 4K,,HDR10,Dolby Vision,"Dolby Atmos, TrueHD 7.1"
Eastern Promises (2007),April 2022,,Upscaled 4K,HDR,Dolby Vision,5.1 DTS-HD MA
Easy,,Native 4K,,,,
Eddie the Eagle,,,Upscaled 4K,HDR,,
Edge Of Tomorrow (2014),May 2022,,Upscaled 4K,HDR,,"Dolby Atmos, TrueHD 7.1"
Edward Scissorhands,,Native 4K,,,,
Escape from Alcatraz (1979),Aug 2022,Native 4K,,HDR10,Dolby Vision,
Elvis & Nixon,,Native 4K,,,,
Elysium (2013),,Native 4K,,HDR10,,"Dolby Atmos, TrueHD 7.1"
Encanto (2021),Jan 2022,Native 4K,,HDR,,"Dolby Atmos, TrueHD 7.1"
Ender’s Game,,,Upscaled 4K,HDR,,"Dolby Atmos, TrueHD 7.1"
Entourage,,,Upscaled 4K,HDR,,
Escape From New York (1981),,Native 4K,,HDR,Dolby Vision,5.1 DTS-HD MA
Escape from L.A. (1996),May 2022,Native 4K,,HDR,Dolby Vision,5.1 DTS-HD MA
Eternals (2021),Jan 2022,Native 4K,,HDR10,,"Dolby Atmos, TrueHD 7.1"
Everest,,,Upscaled 4K,HDR,,7.1
Everything Everywhere All At Once (2022),Aug 2022,Native 4K,,HDR10,Dolby Vision,"Dolby Atmos, TrueHD 7.1"
Evil Dead 2 (1987),,Native 4K,,HDR,Dolby Vision,5.1 DTS-HD MA
Ex Machina,,Native 4K,,HDR,,7.1
Exodus: Gods and Kings,,,Upscaled 4K,HDR,,7.1 DTS HD-MA
Family Plot (1976),May 2022,Native 4K,,HDR10,,DTS-HD Master Audio 2.0 Mono
Fantastic Beasts And Where to Find Them,,,Upscaled 4K,HDR,,"Dolby Atmos, TrueHD 7.1"
Fantastic Beasts: The Crimes of Grindelwald,,Native 4K,,HDR,,"Dolby Atmos, TrueHD 7.1"
Fantastic Four,,,Upscaled 4K,HDR,,
Fast & Furious (2009),,,Upscaled 4K,HDR,,"DTS: X, 7.1 DTS-HD HR"
Fast & Furious 6 (2013),,,Upscaled 4K,HDR,,"DTS: X, 7.1 DTS-HD HR"
Fast & Furious 7 (2015),,,Upscaled 4K,HDR,,"DTS: X, 7.1 DTS-HD HR"
Fast & Furious 8 (2017),,,Upscaled 4K,HDR10,Dolby Vision,"DTS: X, 7.1 DTS-HD HR"
Fast & Furious: Hobbs & Shaw (2019),,,Upscaled 4K,HDR10+,Dolby Vision,"Dolby Atmos, TrueHD 7.1"
Fast Five (2011),,,Upscaled 4K,HDR10,,"DTS: X, 7.1 DTS-HD HR"
Fate of the Furious (2017),,,Upscaled 4K,HDR,Dolby Vision,"DTS: X, 7.1 DTS HD-MA"
F9: The Fast Saga (2021),Feb 2022,,Upscaled 4K,HDR10+,Dolby Vision,"Dolby Atmos, TrueHD 7.1"
Fences,,,Upscaled 4K,HDR,,7.1
Ferdinand,,,Upscaled 4K,HDR,,7.1
Field of Dreams (1989),,Native 4K,,HDR,,"DTS: X, 7.1 DTS HD-MA"
Fifty Shades Grey (2015),May 2022,,Upscaled 4K,HDR10,,"DTS: X, 7.1 DTS HD-MA"
Fifty Shades Darker (2017),May 2022,,Upscaled 4K,HDR10,,"DTS: X, 7.1 DTS HD-MA"
Fifty Shades Freed (2018),May 2022,,Upscaled 4K,HDR10,,"DTS: X, 7.1 DTS HD-MA"
Final Fantasy (2005),,,Upscaled 4K,HDR10,,"Dolby Atmos, TrueHD 7.1"
Finding Dory (2016),,,Upscaled 4K,HDR10,,"Dolby Atmos, TrueHD 7.1"
Finding Nemo (2003),,,Upscaled 4K,HDR10,,"Dolby Atmos, TrueHD 7.1"
First Blood,,Native 4K,,HDR,,5.1 DTS-HD MA
First Man (2018),,,Upscaled 4K,HDR,Dolby Vision,Dolby Atmos True-HD
Flaked,,Native 4K,,,,
Flash Gordon (1980),,Native 4K,,HDR10,Dolby Vision,5.1 DTS-HD MA
Flesh for Frankenstein (1973),May 2022,Native 4K,,HDR10,,DTS-HD MA 2.0 Mono
FleshEaster (1988),May 2022,Native 4K,,HDR10,,DTS-HD MA 2.0 Mono
Flatliners,,,Upscaled 4K,HDR,,
Flying Clipper (Mediterranean Holiday),,Native 4K,,,,
Focus,,,Upscaled 4K,HDR,,
Ford v Ferrari (2019),,,Upscaled 4K,HDR10,,"Dolby Atmos, TrueHD 7.1"
For a Few Dollars More (1965),May 2022,Native 4K,,,,5.1 DTS-HD MA
For All Mankind (1989),April 2022,Native 4K,,HDR10,Dolby Vision,5.1 DTS-HD MA
Forrest Gump (1994),,Native 4K,,HDR,Dolby Vision,"Dolby Atmos, TrueHD 7.1"
Frankenstein (1931),Aug 2022,Native 4K,,HDR10,,DTS-HD MA 2.0
Free Guy (2021),Feb 2022,,Upscaled 4K,HDR10,,"Dolby Atmos, TrueHD 7.1"
Fright Night (1985),Aug 2022,Native 4K,,HDR10,Dolby Vision,"Dolby Atmos, TrueHD 7.1"
From Dusk Till Dawn (1996),Aug 2021,Native 4K,,HDR10,Dolby Vision,5.1 DTS-HD MA
Frozen (2013) Disney,,,Upscaled 4K,HDR10,,"Dolby Atmos, TrueHD 7.1"
Frozen II (2019) Disney,,,Upscaled 4K,HDR10,,"Dolby Atmos, TrueHD 7.1"
Full Metal Jacket (1987),,Native 4K,,HDR10,,5.1 DTS-HD MA
Fuller House,,Native 4K,,,,
Fury,,Native 4K,,HDR,,5.1 DTS-HD MA
G.I. Joe: Retaliation,,,Upscaled 4K,HDR10,Dolby Vision,TBA
G.I. Joe: The Rise Of Cobra,,,Upscaled 4K,HDR10,Dolby Vision,TBA
Galveston,,Native 4K,,HDR,,5.1 DTS-HD MA
Game of Thrones Season 1-8,,,Upscaled 4K,HDR10,Dolby Vision,"Dolby Atmos, True-HD 7.1"
Gandhi (1992),,Native 4K,,HDR10,,"Dolby Atmos, TrueHD 7.1"
Gattaca (1997),,Native 4K,,HDR10,,"Dolby Atmos, True-HD 7.1"
Gemini Man (2019),,Native 4K,,HDR10,Dolby Vision,"Dolby Atmos, True-HD 7.1"
Geostorm,,,Upscaled 4K,HDR,,
Get Hard,,,Upscaled 4K,HDR,,
Get Him To The Greek,,,Upscaled 4K,,,
Get Out (2017),,,Upscaled 4K,HDR,,"DTS:X, DTS HD-MA 7.1"
Ghandi (1982),,Native 4K,,HDR10,,"Dolby Atmos, TrueHD 7.1"
Ghost in the Shell (1995),,Native 4K,,HDR10,,"Dolby Atmos, TrueHD 7.1"
Ghost in the Shell (2017),,,Upscaled 4K,HDR10,,"Dolby Atmos, TrueHD 7.1"
Ghostbusters (1984),,Native 4K,,HDR,,"Dolby Atmos, TrueHD 7.1"
Ghostbusters (2016),,,Upscaled 4K,HDR,,"Dolby Atmos, TrueHD 7.1"
Ghostbusters 2 (1989),,Native 4K,,HDR,,"Dolby Atmos, TrueHD 7.1"
Ghostbusters: Afterlife (2021),Feb 2022,,Upscaled 4K,HDR10,Dolby Vision,"Dolby Atmos, TrueHD 7.1"
Gladiator (2000),,Native 4K,,HDR10,Dolby Vision,"DTS: X, 7.1 DTS HD-MA"
Glass (2019),,Native 4K,,HDR,,"Dolby Atmos, TrueHD 7.1"
Glory (1989),,Native 4K,,HDR10,,"Dolby Atmos, TrueHD 7.1"
Glow,,Native 4K,,HDR,,
Godless,,Native 4K,,HDR,,
Gods of Egypt,,,Upscaled 4K,HDR,,7.1 DTS HD-MA
Godzilla (1998),,Native 4K,,HDR,,"Dolby Atmos, TrueHD 7.1"
Godzilla (2014),,,Upscaled 4K,HDR10,,"Dolby Atmos, TrueHD 7.1"
Godzilla King of Monsters,,,Upscaled 4K,HDR & HDR10+,Dolby Vision,"Dolby Atmos, TrueHD 7.1"
Godzilla vs. Kong (2021),,Native 4K,,HDR & HDR10+,Dolby Vision,"Dolby Atmos, TrueHD 7.1"
Goodbye Christopher Robin,,,Upscaled 4K,,,
GoodFellas (1990),,Native 4K,,HDR,,5.1 DTS-HD MA
Goosebumps,,,Upscaled 4K,,,
Grace and Frankie,,Native 4K,,,,
Greece (1978),,Native 4K,,HDR10,Dolby Vision,True-HD 5.1
Green Book (2018),,,Upscaled 4K,HDR10,,"Dolby Atmos, True-HD 7.1"
Gremlins (1984),,Native 4K,,HDR10,,DTS-HD MA 5.1
Groundhog Day,,Native 4K,,HDR,,"Dolby Atmos, True-HD 7.1"
Guardians of the Galaxy,,,Upscaled 4K,HDR10,,"Dolby Atmos, True-HD 7.1"
Guardians of the Galaxy: Vol 2,,,Upscaled 4K,HDR10,,"Dolby Atmos, True-HD 7.1"
Hacksaw Ridge,,,Upscaled 4K,HDR,,Dolby Atmos True-HD
"Hail, Caesar!",,Native 4K,,,,
Halloween (1978),,Native 4K,,HDR10,Dolby Vision,"DTS: X, 7.1 DTS-HD HR"
Halloween II (1981),Nov 2022,Native 4K,,HDR10,Dolby Vision,"Dolby Atmos, True-HD 7.1"
Halloween III: Season of the Witch (1982),Nov 2022,Native 4K,,HDR10,Dolby Vision,"Dolby Atmos, True-HD 7.1"
Halloween 4: The Return of Michael Myers (1988),Nov 2022,Native 4K,,HDR10,Dolby Vision,"Dolby Atmos, True-HD 7.1"
Halloween Kills (2021),Feb 2022,Native 4K,,HDR10,Dolby Vision,"Dolby Atmos, True-HD 7.1"
Hancock (2008),,Native 4K,,HDR10,,"Dolby Atmos, True-HD 7.1"
Hannibal,,Native 4K,,HDR,Dolby Vision,5.1 DTS-HD-MA
Hansel & Gretel: Witch Hunters (2013),,,Upscaled 4K,HDR,Dolby Vision,Dolby True-HD 5.1
Hard Times,,Native 4K,,,,
Hard Target (1993),May 2022,Native 4K,,HDR10,Dolby Vision,5.1 DTS-HD MA
Happy Death Day (2017),May 2022,Native 4K,,HDR10,Dolby Vision,5.1 DTS-HD MA
Happy Death Day 2U (2019),May 2022,Native 4K,,HDR10,Dolby Vision,5.1 DTS-HD MA
Harry Potter and the Chamber of Secrets,,Native 4K,,HDR,,"DTS: X, 7.1 DTS HD-MA"
Harry Potter and the Deathly Hallows Part 1,,,Upscaled 4K,HDR,,"DTS: X, 7.1 DTS HD-MA"
Harry Potter and the Deathly Hallows Part 2,,,Upscaled 4K,HDR,,"DTS: X, 7.1 DTS HD-MA"
Harry Potter and the Goblet of Fire,,,Upscaled 4K,HDR,,"DTS: X, 7.1 DTS HD-MA"
Harry Potter and the Half Blood Prince,,,Upscaled 4K,HDR,,"DTS: X, 7.1 DTS HD-MA"
Harry Potter and the Order of the Phoenix,,,Upscaled 4K,HDR,,"DTS: X, 7.1 DTS HD-MA"
"Harry Potter and the Philosopher's Stone
(Sorcerer's Stone)",,Native 4K,,HDR,,"DTS: X, 7.1 DTS HD-MA"
Harry Potter and the Prisoner of Azkaban,,,Upscaled 4K,HDR,,"DTS: X, 7.1 DTS HD-MA"
Heat (1995),,Native 4K,,HDR,,5.1 DTS-HD MA
Heavy Metal (1981),April 2022,Native 4K,,HDR10,Dolby Vision,"Dolby Atmos, True-HD 7.1"
Hell Or High Water (2016),,,Upscaled 4K,HDR10,,5.1 DTS-HD-MA
Hellboy (2004),,Native 4K,,HDR10,,"Dolby Atmos, True-HD 7.1"
Hellboy II: The Golden Army (2008),Nov 2022,,Upsacled 4K,HDR10,,"DTS:X, DTS-HD MA 7.1"
Hellboy (2019),,Native 4K,,HDR & HDR10+,Dolby Vision,"Dolby Atmos, True-HD 7.1"
Hellboy Animated,,,Upscaled 4K,HDR,Dolby Vision,
Hemlock Grove: Season 1 and 2,,,Upscaled 4K,,,
Hemlock Grove: Season 3,,Native 4K,,,,
Hidden Figures,,,Upscaled 4K,HDR,,7.1 DTS HD-MA
High Plains Drifter (1973),Aug 2022,Native 4K,,HDR10,Dolby Vision,5.1 DTS-HD-MA
Hitch,,Native 4K,,,,
Hitman: Agent 47,,,Upscaled 4K,HDR,,
Hitman's Wife's Bodygaurd (2021),Feb 2022,Native 4K,,HDR10,Dolby Vision,"Dolby Atmos, True-HD 7.1"
Hocus Pocus,,Native 4K,,HDR10,,5.1 DTS-HD-MA
Home Alone,,Native 4K,,HDR10,,5.1 DTS-HD-MA
Hook (1991),May 2022,Native 4K,,HDR10,,"Dolby Atmos, True-HD 7.1"
Hostiles (with stunning 2K upscales),,Native 4K,,HDR,,5.1 DTS-HD-MA
Hot Fuzz (2007),,,Upscaled 4K,HDR10+,,"DTS:X, DTS-HD MA 7.1"
Hot Pursuit,,,Upscaled 4K,HDR,,
Hotel Artemis,,,Upscaled 4K,HDR,,5.1 DTS-HD-MA
Hotel Transylvania 2,,,Upscaled 4K,,,
Hotel Transylvania 3: Summer Vacation,,,Upscaled 4K,HDR,,Dolby Atmos True-HD
House of Cards: Season 1,,,Upscaled 4K,,,
House of Cards: Season 2 and 3,,Native 4K,,,,
How the Grinch Stole Christmas (2000),Nov 2022,Native 4K,,HDR,,"DTS:X, DTS-HD MA 7.1"
How to be Single,,,Upscaled 4K,HDR,,
How To Train Your Dragon,,,Upscaled 4K,,,"DTS: X, 7.1 DTS HD-MA"
How To Train Your Dragon (3) - The Hidden World,,,Upscaled 4K,HDR,,Dolby Atmos True-HD
How To Train Your Dragon 2,,,Upscaled 4K,HDR,,"DTS: X, 7.1 DTS HD-MA"
Howard the Duck (1986),,Native 4K,,HDR10,,"DTS:X, DTS-HD MA 7.1"
Hulk (2003),,Native 4K,,HDR10,,"DTS: X, 7.1 DTS HD-MA"
Hunter Killer,,,Upscaled 4K,HDR,Dolby Vision,Dolby Atmos True-HD
"I, the Jury (1953)",Aug 2022,Native 4K,,HDR10,,
I Am Legend,,,Upscaled 4K,HDR,,5.1 DTS-HD-MA
Ice Age: Collision Course,,,Upscaled 4K,HDR,,"Dolby Atmos, True-HD 7.1"
I Know What You Did Last Mummer (1997),Nov 2022,Native 4K,,HDR10,Dolby Vision,"Dolby Atmos, True-HD 7.1"
If I Stay,,,Upscaled 4K,HDR,,
In the Heart of the Sea,,,Upscaled 4K,HDR10,,"Dolby Atmos, True-HD 7.1"
In the Line of Fire,,Native 4K,,HDR10,,"Dolby Atmos, True-HD 7.1"
In The Heights (2021),Feb 2022,Native 4K,,HDR10+,Dolby Vision,"Dolby Atmos, True-HD 7.1"
In the Heat of the Night (1967),May 2022,Native 4K,,,,DTS-HD MA 2.0 Mono
In the Mood for Love (2000),Aug 2022,Native 4K,,,,5.1 DTS-HD-MA
Inception,,Native 4K,,HDR,,5.1 DTS-HD-MA
Indecent Proposal (1993),Aug 2022,Native 4K,,HDR10,Dolby Vision,5.1 DTS-HD-MA
Incredibles 2,,,Upscaled 4K,HDR,,"Dolby Atmos, True-HD 7.1"
Independence Day,,Native 4K,,HDR,,7.1 DTS HD-MA
Independence Day: Resurgence,,Native 4K,,HDR,,"Dolby Atmos, True-HD 7.1"
Indiana Jones and the Kingdom of the Crystal (2008),,Native 4K,,HDR10,Dolby Vision,"Dolby Atmos, True-HD 7.1"
Indiana Jones and the Last Crusade (1989),,Native 4K,,HDR10,Dolby Vision,"Dolby Atmos, True-HD 7.1"
Indiana Jones and the Temple of Doom (1984),,Native 4K,,HDR10,Dolby Vision,"Dolby Atmos, True-HD 7.1"
Indiana Jones: 4 Movie Collection (4K),,Native 4K,,HDR10,Dolby Vision,"Dolby Atmos, True-HD 7.1"
Inferno,,,Upscaled 4K,HDR,,"Dolby Atmos, True-HD 7.1"
Infinite (2021),May 2022,Native 4K,,HDR10,Dolby Vision,"Dolby Atmos, True-HD 7.1"
Inglourious Basterds (2009),Aug 2022,,Upscaled 4K,HDR10+,,5.1 DTS-HD-MA
Injustice (2021),Feb 2022,,Upscaled 4K,HDR10,,5.1 DTS-HD-MA
Inside Out (2015),,,Upscaled 4K,HDR10,,"Dolby Atmos, True-HD 7.1"
Interstellar (2014),,Native 4K,,HDR,,5.1 DTS-HD-MA
Into the Storm,,,Upscaled 4K,HDR,,
Invasion of the Body Snatchers (1978),Aug 2021,Native 4K,,HDR10,Dolby Vision,5.1 DTS-HD-MA
INXS: Live Baby Live (1991),,Native 4K,,HDR10,,Dolby Atmos
Ip Man (2008),,,Upscaled 4K,HDR10,Dolby Vision,Dolby Atmos
Ip Man 2 (2010),,,Upscaled 4K,HDR10,Dolby Vision,"Dolby Atmos, True-HD 7.1"
Ip Man 3 (2015),,,Upscaled 4K,HDR10,Dolby Vision,"Dolby Atmos, True-HD 7.1"
Ip Man 4: The Fineale (2020),,,Upscaled 4K,HDR10,Dolby Vision,"Dolby Atmos, True-HD 7.1"
Iron Fist,,Native 4K,,HDR,,
Iron Man,,,Upscaled 4K,HDR,,"Dolby Atmos, True-HD 7.1"
Iron Man 2,,,Upscaled 4K,HDR,,"Dolby Atmos, True-HD 7.1"
Iron Man 3,,,Upscaled 4K,HDR,,"Dolby Atmos, True-HD 7.1"
IT (2017) - Stephen King,,,Upscaled 4K,HDR,Dolby Vision,"Dolby Atmos, True-HD 7.1"
It Happened One Night,,Native 4K,,,,
It's a Wonderful Life (1946),,Native 4K,,HDR10,Dolby Vision,Dolby True-HD 2.0 Mono
Jack Reacher,,,Upscaled 4K,HDR,Dolby Vision,7.1 DTS-HD-MA
Jack Reacher: Never Go Back,,,Upscaled 4K,HDR,,"Dolby Atmos, True-HD 7.1"
Jack Ryan: Shadow Recruit,,,Upscaled 4K,HDR,Dolby Vision,7.1 DTS-HD-MA
Jason Bourne (2016),,Native 4K,,HDR10,,"DTS:X, 7.1 DTS-HD-MA"
Jaws (1975),,Native 4K,,HDR10+,Dolby Vision,"Dolby Atmos, True-HD 7.1"
Jerry Maguire (1996),,Native 4K,,HDR10,,"Dolby Atmos, True-HD 7.1"
Jessica Jones,,Native 4K,,HDR,,
Jigsaw,,,Upscaled 4K,HDR,,"Dolby Atmos, True-HD 7.1"
John Wick (2014),,Native 4K,,HDR10,,"Dolby Atmos, True-HD 7.1"
John Wick: ​Chapter 2 (2017),,,Upscaled 4K,HDR10,,"Dolby Atmos, True-HD 7.1"
John Wick: ​Chapter 3 - Parabellum (2019),,,Upscaled 4K,HDR10,Dolby Vision,"Dolby Atmos, True-HD 7.1"
Johnny English Strikes Again,,,Upscaled 4K,HDR,,"DTS: X, 7.1 DTS HD-MA"
Jojo Rabbit (2019),,,Upscaled 4K,HDR,,5.1 DTS-HD-MA
Joker (2020),,Native 4K,,HDR10,Dolby Vision,"Dolby Atmos, True-HD 7.1"
Journey to Space,,Native 4K,,HDR,,
Joy,,,Upscaled 4K,HDR,,5.1
Juice (1992),Jan 2022,Native 4K,,HDR10+,Dolby Vision,5.1 DTS-HD-MA
Jumanji (1995),,Native 4K,,HDR,,"Dolby Atmos, True-HD 7.1"
Jumanji: The Next Level (2019),,,Upscaled 4K,HDR10,,"DTS: X, 7.1 DTS HD-MA"
Jumanji: Welcome To The Jungle (2017),,,Upscaled 4K,HDR,Dolby Vision,"Dolby Atmos, True-HD 7.1"
Jungle Cruise (2021),Feb 2022,Native 4K,,HDR10,,"Dolby Atmos, True-HD 7.1"
Jupiter Ascending,,,Upscaled 4K,HDR,,7.1
Jurassic Park (1993),,Native 4K,,HDR,,"DTS: X, 7.1 DTS HD-MA"
Jurassic Park III (2001),,Native 4K,,HDR,,"DTS: X, 7.1 DTS HD-MA"
Jurassic World (2015),,,Upscaled 4K,HDR,,"DTS: X, 7.1 DTS HD-MA"
Jurassic World: Fallen Kingdom,,,Upscaled 4K,HDR,Dolby Vision,DTS:X MA
Jurassic World: Dominion (2022),May 2022,Native 4K,,HDR10,,"Dolby Atmos, True-HD 7.1"
Justice League (2017),,,Upscaled 4K,HDR,Dolby Vision,"Dolby Atmos, True-HD 7.1"
Justice League Dark: Apokolips War (2020),Feb 2022,,Upscaled 4K,HDR10,,DTS-HD MA 5.1
Justice League vs the Fatal Five (2019),Feb 2022,,Upscaled 4K,HDR10,,DTS-HD MA 5.1
Justice Society: World War II (2021),Feb 2022,,Upscaled 4K,HDR10,,DTS-HD MA 5.1
Keanu,,,Upscaled 4K,,,
Keeping Up with the Joneses,,,Upscaled 4K,HDR,,
Kick-Ass (2010),,,Upscaled 4K,HDR10,Dolby Vision,"Dolby Atmos, True-HD 7.1"
King Arthur: Legend of the Sword,,,Upscaled 4K,HDR,,"Dolby Atmos, True-HD 7.1"
Kingsglaive: Final Fantasy XV (2016),,Native 4K,,HDR10,,DTS-HD MA 5.1
Kingsman: The Golden Circle,,,Upscaled 4K,HDR,,"Dolby Atmos, True-HD 7.1"
Kingsman: The Secret Service,,,Upscaled 4K,HDR,,"Dolby Atmos, True-HD 7.1"
King Richard (2021),May 2022,,Upscaled 4K,HDR10,,"Dolby Atmos, True-HD 7.1"
Knives Out (2019),,,Upscaled 4K,HDR,Dolby Vision,"Dolby Atmos, True-HD 7.1"
Knowing,,,Upscaled 4K,HDR,,
Kong: Skull Island,,,Upscaled 4K,HDR,,"Dolby Atmos, True-HD 7.1"
Krampus (2015),Jan 2022,,Upscaled 4K,HDR10,Dolby Vision,"Dolby Atmos, True-HD 7.1"
La La Land (2016),,,Upscaled 4K,HDR,,"Dolby Atmos, True-HD 7.1"
Labyrinth (1986),,Native 4K,,HDR,,"Dolby Atmos, True-HD 7.1"
Lamb (2021),May 2022,Native 4K,,HDR10,Dolby Vision,DTS-HD MA 5.1
Last Action Hero (1993),,Native 4K,,HDR10,,"Dolby Atmos, True-HD 7.1"
Last Night in Soho (2021),Feb 2022,,Upscaled 4K,HDR10,,"Dolby Atmos, True-HD 7.1"
Lawrence of Arabia (1962),,Native 4K,,HDR10,Dolby Vision,"Dolby Atmos, True-HD 7.1"
Lazer Team,,,Upscaled 4K,HDR,,
Lemony Snicket’s A Series of Unfortunate Events,,Native 4K,,HDR,,
Leon: The Professional,,Native 4K,,,HDR,"Dolby Atmos, True-HD 7.1"
Let’s Be Cops,,Native 4K,,,,
Life,,Native In part,,HDR,HDR,Dolby Atmos True-HD
Lifeforce (1985),May 2022,Native 4K,,HDR10,Dolby Vision,"Dolby Atmos, True-HD 7.1"
Life Of Pi,,,Upscaled 4K,HDR,,7.1 DTS-HD-MA
Lights Out,,,Upscaled 4K,HDR,,
Live By Night,,Native 4K,,HDR,,
Lock Up (1989),,Native 4K,,HDR10+,Dolby Vision,DTS-HD MA 5.1
Logan,,Native 4K,,HDR,,"Dolby Atmos, True-HD 7.1"
Logan Lucky,,Native 4K,,HDR,,
Lone Survivor,,,Upscaled 4K,HDR,,"DTS: X, 7.1 DTS HD-MA"
Longmire,,Native 4K,,,,
Looper (2012),Jan 2022,,Upscaled 4K,HDR10,Dolby Vision,"Dolby Atmos, True-HD 7.1"
Lord of the Rings Trilogy (2001-2003),April 2022,,Upscaled 4K,HDR10,Dolby Vision,"Dolby Atmos, True-HD 7.1"
Lost Highway (1997),Aug 2022,Native 4K,,HDR10,Dolby Vision,DTS-HD MA 5.1
Love,,Native 4K,,,,
Love and Monsters (2020),,,Upscaled 4K,HDR10,Dolby Vision,DTS-HD MA 7.1
Loving Vincent,,Native 4K,,,,
Luca (2021),Aug 2021,Native 4K,,HDR10,,"Dolby Atmos, True-HD 7.1"
Lucy,,Native 4K,,HDR,,5.1
Luke Cage,,Native 4K,,HDR,,
Lupin III: The Castle of Cagliostro (1979),,Native 4K,,HDR10,,DTS-HD Master Audio 2.0 Mono (English)
Madman (1981),May 2022,Native 4K,,HDR10,,DTS-HD Master Audio 2.0 Mono
Mad Dogs,,Native 4K,,HDR,,
Mad Max (1979),,Native 4K,,HDR10,Dolby Vision,DTS-HD MA 5.1
Mad Max Beyond Thunderdome (1985),May 2022,Native 4K,,HDR10,,"Dolby Atmos, True-HD 7.1"
Mad Max: Fury Road (2015),,,Upscaled 4K,HDR,,"Dolby Atmos, True-HD 7.1"
Mad Max: The Road Warrior (1981),May 2022,Native 4K,,HDR10,,"Dolby Atmos, True-HD 7.1"
Magic Mike XXL,,Native 4K,,HDR,,
Malcolm X (1992),Aug 2022,Native 4K,,HDR10,Dolby Vision,DTS-HD MA 5.1
Maleficent (2014),,,Upscaled 4K,HDR10,,"Dolby Atmos, True-HD 7.1"
Maleficent: Mistress of Evil (2020),,,Upscaled 4K,HDR10,,"Dolby Atmos, True-HD 7.1"
Malignant (2021),May 2022,Native 4K,,HDR10,,DTS-HD MA 5.1
Mamma Mia (2008),Nov 2022,,Upscaled 4K,HDR,,"DTS: X, 7.1 DTS-HD MA"
Man of Steel,,,Upscaled 4K,HDR,,"Dolby Atmos, True-HD 7.1"
Man On A Ledge,,,Upscaled 4K,HDR,,
Manchester By The Sea,,,Upscaled 4K,,,
Maniac (1980),Aug 2021,Native 4K,,HDR10,Dolby Vision,"Dolby Atmos, True-HD 7.1"
Maniac Cop 2 (1990),Aug 2021,Native 4K,,HDR10,Dolby Vision,"Dolby Atmos, True-HD 7.1"
Maniac Cop 3: Badge of Silence (1993),Aug 2021,Native 4K,,HDR10,Dolby Vision,"Dolby Atmos, True-HD 7.1"
Marco Polo,,Native 4K,,HDR,,
Marnie (1964),May 2022,Native 4K,,HDR10,,DTS-HD Master Audio 2.0 Mono
Mary And The Witch’s Flower,,,Upscaled 4K,HDR,,
Mary Poppins Returns (2018),,,Upscaled 4K,HDR,,Dolby Atmos True-HD
Mary Queen Of Scots,,Native 4K,,HDR,Dolby Vision,
Mary Shelley's Frankenstein (1994),May 2022,Native 4K,,HDR10,Dolby Vision,DTS-HD MA 5.1
Master Of None,,Native 4K,,,,
Masters of Sex,,Native 4K,,,,
"Matrix Trilogy re-scanned from original camera negatives, 
except computer generated special effects)",,Native 4K,,HDR,Dolby Vision,Dolby Atmos True-HD
Mayhem,,,Upscaled 4K,HDR,,5.1
Maze Runner: The Death Cure,,,Upscaled 4K,HDR,,Dolby Atmos True-HD
Maze Runner: The Scorch Trials,,,Upscaled 4K,HDR,,7.1
Me Before You,,,Upscaled 4K,HDR,,
Mechanic: Resurrection,,,Upscaled 4K,HDR,,Dolby Atmos True-HD
Men In Black,,Native 4K,,HDR,,"Dolby Atmos, True-HD 7.1"
Men in Black 3 (2012),,Native 4K,,HDR10,,"Dolby Atmos, True-HD 7.1"
Men in Black II,,Native 4K,,HDR,,"Dolby Atmos, True-HD 7.1"
Men in Black International (2019),,Native 4K,,HDR & HDR10+,,"Dolby Atmos, True-HD 7.1"
Miami Connection (1987),May 2022,Native 4K,,HDR10,,DTS-HD Master Audio 2.0
Midsommar (2019),,Native 4K,,HDR10,Dolby Vision,DTS-HD MA 5.1
Midway (2019),,Native 4K,,HDR10,Dolby Vision,"Dolby Atmos, True-HD 7.1"
Mike and Dave Need Wedding Dates,,,Upscaled 4K,HDR,,7.1
Mindhunter,,Native 4K,,HDR,,
Minions (2015),Nov 2022,,Upscaled 4K,HDR,,"Dolby Atmos, True-HD 7.1"
Minions: The Rise of Gru (2022),Nov 2022,,Upscaled 4K,HDR10,Dolby Vision,"Dolby Atmos, True-HD 7.1"
Misery (1990),Jan 2022,Native 4K,,HDR10,Dolby Vision,DTS-HD MA 5.1
Miss Peregrine’s Home for Peculiar Children,,,Upscaled 4K,HDR,,Dolby Atmos True-HD
Mission: Impossible,,Native 4K,,HDR,Dolby Vision,True-HD 5.1
Mission: Impossible - Fallout,,Native 4K,,HDR,Dolby Vision,Dolby Atmos True-HD
Mission: Impossible - Ghost Protocol,,Native 4K,,HDR,Dolby Vision,True-HD 5.1
Mission: Impossible - Rogue Nation,,,Upscaled 4K,,Dolby Vision,Dolby Atmos True-HD
Mission: Impossible II,,Native 4K,,HDR,Dolby Vision,True-HD 5.1
Mission: Impossible III,,,Upscaled 4K,HDR,Dolby Vision,True-HD 5.1
Moana,,,Upscaled 4K,HDR10,,"Dolby Atmos, True-HD 7.1"
Mobile Suit Gundam Thunderbolt: December Sky,,Native 4K,,HDR,,
Money Monster,,,Upscaled 4K,HDR,,
Moneyball,,Native 4K,,,,
Monster Hunter (2020),,Native 4K,,HDR10,,"Dolby Atmos, True-HD 7.1"
Monster Trucks,,,Upscaled 4K,HDR,,7.1
Moon (2009),,,Upscaled 4K,HDR10,,"Dolby Atmos, True-HD 7.1"
Moonfall (2022),April 2022,Native 4K,,HDR10,Dolby Vision,"Dolby Atmos, True-HD 7.1"
Moonlight,,,Upscaled 4K,HDR,,
Morgan,,,Upscaled 4K,HDR,,
Mortal Kombat (2021),Feb 2022,Native 4K,,HDR10,,"Dolby Atmos, True-HD 7.1"
Mortal Engines,,Native 4K,,HDR,Dolby Vision,
Mother!,,,Upscaled 4K,HDR,Dolby Vision,"Dolby Atmos, True-HD 7.1"
Mozart In The Jungle,,Native 4K,,HDR,,
Mr. Smith Goes to Washington,,Native 4K,,,,DTS-HD Master Audio 2.0 Mono
Mrs. Doubtfire,,Native 4K,,,,
Mulan (1998),,,Upscaled 4K,HDR,,"Dolby Atmos, True-HD 7.1"
Mulan (2020),,,Upscaled 4K,HDR,,"Dolby Atmos, True-HD 7.1"
Murder on the Orient Express,,Native 4K,,HDR,,Dolby Atmos True-HD
Mute,,Native 4K,,HDR,,
My Fair Lady (1964),,Native 4K,,HDR10,Dolby Vision,"Dolby Atmos, True-HD 7.1"
Ne Zha (2019),Feb 2022,,Upscaled 4K,HDR10,Dolby Vision,"Dolby Atmos, True-HD 7.1"
Narcos,,Native 4K,,HDR,,
News of the World (2020),,Native 4K,,HDR10,,"Dolby Atmos, True-HD 7.1"
Night At The Museum: The Secret Tomb,,Native 4K,,,,
Nightmare Alley (2021),May 2022,Native 4K,,HDR10,,"Dolby Atmos, True-HD 7.1"
No Good Deed (2002),,,Upscaled 4K,,,
No Time to Die (2021),Feb 2022,Native 4K,,HDR10+,Dolby Vision,"Dolby Atmos, True-HD 7.1"
Nobody (2021),,,Upscaled 4K,HDR10,Dolby Vision,"Dolby Atmos, True-HD 7.1"
Nope (2022),Nov 2022,Native 4K,,HDR10,,"Dolby Atmos, True-HD 7.1"
Now You See Me (2013),,,Upscaled 4K,HDR,,"Dolby Atmos, True-HD 7.1"
Now You See Me 2 (2016),,,Upscaled 4K,HDR,,"Dolby Atmos, True-HD 7.1"
Oh! For the Love of Trains (2022),May 2022,Native 4K,,HDR10,Dolby Vision,"Dolby Atmos, True-HD 7.1"
Oblivion,,,Upscaled 4K,HDR,,"Dolby Atmos, True-HD 7.1"
Ocean's 8,,,Upscaled 4K,HDR,Dolby Vision,"Dolby Atmos, True-HD 7.1"
Oceans: Our Blue Planet (2018),June 2022,Native 4K,,HDR10,,5.1 DTS-HD MA
Office Christmas Party,,,Upscaled 4K,HDR,,
Office Space,,Native 4K,,,,
Okja,,Native 4K,,HDR,,
Old (2021),Aug 2021,Native 4K,,HDR10,TBC,TBC
On The Waterfront,,Native 4K,,,,
Once Upon a Time In Hollywood (2019),,Native 4K,,HDR10,,7.1 DTS HD-MA
One Eight Seven,,Native 4K,,,,5.1
Only The Brave,,Native 4K,,HDR,,
Onward (2020),,Native 4K,,HDR10,,"Dolby Atmos, True-HD 7.1"
Orphan Black: Season 1 And 2,,,Upscaled 4K,,,
Orphan Black: Season 3,,Native 4K,,,,
Our Brand is Crisis,,,Upscaled 4K,HDR,,
Overlord,,,Upscaled 4K,HDR,Dolby Vision,Dolby Atmos True-HD
Ozark,,Native 4K,,,,
Pacific Rim (2013),,,Upscaled 4K,HDR,Dolby Vision,Dolby Atmos True-HD
Pacific Rim: Uprising (2018),,,Upscaled 4K,HDR,Dolby Vision,Dolby Atmos True-HD
Paddington 2,,,Upscaled 4K,HDR,Dolby Vision,Dolby Atmos True-HD
Pan,,,Upscaled 4K,HDR,,
Pan's Labyrinth (2006),,,Upscaled 4K,HDR10,,Spanish: DTS-HD MA 5.1
Pandas,,Native 4K,,HDR,,
Panic Room,,Native 4K,,HDR,,
Parsite (2019),,Native 4K,,HDR10+,,"Dolby Atmos, True-HD 7.1"
Passengers (2016),,Native 4K,,HDR10,,
Patriot Games (1992),,Native 4K,,HDR10,Dolby Vision,True-HD 5.1
Patriots Day,,,Upscaled 4K,HDR,,"DTS: X, 7.1 DTS-HD MA"
Peanuts Holiday Collection,,Native 4K,,HDR,,
Pee Wee’s Big Holiday,,Native 4K,,,,
Perdita Durango | Dance with the Devil (1997),,Native 4K,,HDR10,,5.1 DTS-HD-MA
Perfume: The Story Of A Murderer,,,Upscaled 4K,HDR,,
Pet Sematary (1989),,Native 4K,,HDR,Dolby Vision,5.1 DTS-HD-MA
Pet Sematary (2019),,,Upscaled 4K,HDR & HDR10+,Dolby Vision,"Dolby Atmos, True-HD 7.1"
Peter Rabbit (2018),,,Upscaled 4K,HDR,,"Dolby Atmos, True-HD 7.1"
Peter Rabbit 2 (2021),Feb 2022,,Upscaled 4K,HDR10,,"Dolby Atmos, True-HD 7.1"
Phantom Thread,,Native 4K,,HDR,,"DTS: X, 7.1 DTS-HD MA"
Phenomena (1985),Jan 2022,Native 4K,,HDR,Dolby Vision,5.1 DTS-HD-MA
Philadelphia,,,Upscaled 4K,,,
Philip K. Dick’s Electric Dreams,,Native 4K,,HDR,,
Pineapple Express,,Native 4K,,HDR,,"Dolby Atmos, True-HD 7.1"
Pirates of the Caribbean: Dead Men Tell No Tales,,,Upscaled 4K,HDR,,
Pirates of the Caribbean: The Curse of the Black Pearl,May 2022,,Upscaled 4K,HDR10,,"Dolby Atmos, True-HD 7.1"
Pitch Black (2000),,Native 4K,,HDR10,Dolby Vision,5.1 DTS-HD-MA
Pitch Perfect,,,Upscaled 4K,HDR,,
Pitch Perfect 2,,,Upscaled 4K,HDR,,
Pitch Perfect 3,,,Upscaled 4K,HDR,,
Pixels,,,Upscaled 4K,,,
"Planes, Trains & Automobiles (1987)",Aug 2022,Native 4K,,HDR10,Dolby Vision,5.1 DTS-HD-MA
Planet Earth,,Native 4K,,HDR,,
Planet Earth II,,Native 4K,,HDR,,5.1 DTS-HD-MA
Planet Of The Apes,,,Upscaled 4K,HDR,,
Point Break (2015),,,Upscaled 4K,HDR,,
Pokemon Detective Pikachu (2019),,,Upscaled 4K,HDR10,,Dolby Atmos True-HD
Poltergeist (2015),,,Upscaled 4K,HDR,,
Possessor (2020),,Native 4K,,HDR10,,5.1 DTS-HD-MA
Power Rangers,,Native 4K,,HDR,Dolby Vision,Dolby Atmos True-HD
Predator (1987),,Native 4K,,HDR,,5.1 DTS-HD-MA
Predator 2 (1990),,Native 4K,,HDR,,5.1 DTS-HD-MA
Predators (2010),,,Upscaled 4K,HDR,,5.1 DTS-HD-MA
Premium Rush,,Native 4K,,,,
Pride And Prejudice And Zombies,,,Upscaled 4K,HDR,,"Dolby Atmos, True-HD 7.1"
Prince of Darkness (1987),,Native 4K,,HDR10,Dolby Vision,"Dolby Atmos, True-HD 7.1"
Prisoners of the Ghostland (2020),Feb 2022,,Upscaled 4K,HDR10,,5.1 DTS-HD-MA
Prometheus,,,Upscaled 4K,HDR,,7.1 DTS HD-MA
Proud Mary,,Native 4K,,,,
Psycho (1954) - Alfred Hitchcock,,Native 4K,,HDR10,,"DTS:X, DTS-HD MA 7.1"
Puccini: Tosca,,,Upscaled 4K,,,
Punisher,,,Upscaled 4K,HDR,,
Pulp Fiction (1994),Aug 2022,Native 4K,,HDR10,,
Puppet Master: The Littlest Reich,,,Upscaled 4K,,,
Push,,,Upscaled 4K,HDR,Dolby Vision,
Quantum of Solace (2008),,,Upscaled 4K,HDR,Dolby Vision,5.1 DTS-HD-MA
Queen & Slim (2019),Feb 2022,,Upscaled 4K,HDR10,,"Dolby Atmos, True-HD 7.1"
Quiet Days in Clichy (1970),Aug 2022,Native 4K,,HDR10,Dolby Vision,DTS-HD MA Mono
Raiders of the Lost Ark (1981),,Native 4K,,HDR10,Dolby Vision,"Dolby Atmos, True-HD 7.1"
Ralph Breaks The Internet,,,Upscaled 4K,HDR,Dolby Vision,"Dolby Atmos, True-HD 7.1"
Rambo (2008),,,Upscaled 4K,HDR10,Dolby Vision,"Dolby Atmos, True-HD 7.1"
Rambo III (1988),,Native 4K,,HDR,,5.1 DTS-HD-MA
Rambo: First Blood Part II (1985),,Native 4K,,HDR,,5.1 DTS-HD-MA
Rambo: Last Blood (2019),,Native 4K,,HDR10,Dolby Vision,"Dolby Atmos, True-HD 7.1"
Rampage,,,Upscaled 4K,HDR,,"Dolby Atmos, True-HD 7.1"
Ratatouille (2007),,,Upscaled 4K,HDR10,,"Dolby Atmos, True-HD 7.1"
Raya and the Last Dragon (2021),,,Upscaled 4K,HDR10,,"Dolby Atmos, True-HD 7.1"
Ready Player One (2018),,,Upscaled 4K,HDR10,Dolby Vision,"Dolby Atmos, True-HD 7.1"
Rear Window (1954) - Alfred Hitchcock,,Native 4K,,HDR10,,DTS-HD MA 2.0
Red,,,Upscaled 4K,HDR,,7.1
Red 2,,,Upscaled 4K,HDR,,7.1
Red Dawn (1984),Aug 2022,Native 4K,,HDR10,Dolby Vision,5.1 DTS-HD-MA
Red Heat,,Native 4K,,HDR10,Dolby Vision,TBC
Red Oaks,,Native 4K,,HDR,,
Red Sparrow,,Native 4K,,HDR,,"Dolby Atmos, True-HD 7.1"
Reign of the Superman (2019),Feb 2022,,Upscaled 4K,HDR10,,5.1 DTS-HD-MA
Reminiscence (2021),Jan 2022,Native 4K,,HDR10,Dolby Vision,"Dolby Atmos, True-HD 7.1"
Requiem for a Dream (2000),,Native 4K,,HDR10,Dolby Vision,"Dolby Atmos, True-HD 7.1"
Reservoir Dogs (1992),Aug 2022,Native 4K,,HDR10,,
Resident Evil: Afterlife,,,Upscaled 4K,HDR,,"Dolby Atmos, True-HD 7.1"
Resident Evil: Welcome to Raccoon City (2021),May 2022,Native 4K,,HDR10,Dolby Vision,"Dolby Atmos, True-HD 7.1"
Rise of the Planet of the Apes (2011),,,Upscaled 4K,HDR,,5.1 DTS-HD-MA
Risen,,,Upscaled 4K,HDR,,7.1
River Runs Red,,,Upscaled 4K,HDR,,
Robin Hood (2018),,Native 4K,,HDR & HDR10+,Dolby Vision,"Dolby Atmos, True-HD 7.1"
RoboCop (1987),Jan 2022,Native 4K,,HDR & HDR10+,Dolby Vision,"Dolby Atmos, True-HD 7.1"
Rocketman (2019),,Native 4K,,HDR & HDR10+,Dolby Vision,"Dolby Atmos, True-HD 7.1"
"Roman J. Israel, Esq",,,Upscaled 4K,HDR,,
Ron's Gone Wrong (2021),Feb 2022,,Upscaled 4K,HDR10,,"Dolby Atmos, True-HD 7.1"
Room,,Native 4K,,,,5.1
Rough Night,,,Upscaled 4K,HDR,,7.1
Run All Night,,,Upscaled 4K,HDR,,
Saboteur (1942),May 2022,Native 4K,,HDR10,,DTS-HD MA 2.0 Mono
Salt,,Native 4K,,HDR,,7.1
San Andreas,,,Upscaled 4K,HDR,,"Dolby Atmos, True-HD 7.1"
Santa Clarita Diet,,Native 4K,,HDR,,
Santa Sangre (1989),,Native 4K,,,,5.1 DTS-HD-MA
Sausage Party,,,Upscaled 4K,HDR,,Dolby Atmos True-HD
Savage Pampas,,Native 4K,,HDR,,
Saving Private Ryan (1998),,Native 4K,,HDR10,Dolby Vision,"Dolby Atmos, True-HD 7.1"
Say Anything,,Native 4K,,,,
Scanner Cop (1994),May 2022,Native 4K,,HDR10,,DTS-HD Master Audio 2.0
Scanner Cop II (1995),May 2022,Native 4K,,HDR10,,DTS-HD Master Audio 2.0
Scarface (1983),,Native 4K,,HDR10,,DTS-HD-MA 7.1
Scary Stories to Tell in the Dark (2019),,,Upscaled 4K,HDR10,Dolby Vision,Dolby True-HD 5.1
Schindlers List,,Native 4K,,HDR,Dolby Vision,"Dolby Atmos, True-HD 7.1"
Schizoid (1980),May 2022,Native 4K,,HDR10,,DTS-HD MA 2.0 Mono
Scoob! (2020),,,Upscaled 4K,HDR10+,,5.1 DTS-HD-MA
Scott Pilgrim Vs The World,,,Upscaled 4K,,,
Scream (1996),Aug 2021,Native 4K,,HDR10,,5.1 DTS-HD-MA
Sense and Sensibility,,Native 4K,,,,
Serenity (2005),,,Upscaled 4K,HDR10,,"DTS:X, DTS-HD MA 7.1"
SexWorld (1978),,Native 4K,,HDR10,,DTS-HD Master Audio 2.0 Mono
Shadow (2018),,Native 4K,,HDR10,,"Dolby Atmos, True-HD 7.1"
Shadow of a Doubt (1943),April 2022,Native 4K,,HDR10,,DTS-HD Master Audio 2.0 Mono
Shang-Chi and the Legend of the Ten Rings (2021),Feb 2022,,Upscaled 4K,HDR10,,"Dolby Atmos, True-HD 7.1"
Shaun Of The Dead,,,Upscaled 4K,HDR10+,,"DTS:X, DTS-HD MA 7.1"
Shazam (2019),,,Upscaled 4K,HDR10,Dolby Vision,"Dolby Atmos, True-HD 7.1"
Sherlock Holmes (2009),,,Upscaled 4K,HDR10,,5.1 DTS-HD-MA
Sherlock Holmes: A Game of Shadows (2011),,,Upscaled 4K,HDR10,,5.1 DTS-HD-MA
Shin Godzilla,,,Upscaled 4K,HDR,,
Shooter (2007),Jan 2022,,Upscaled 4K,HDR10,Dolby Vision,5.1 DTS-HD-MA
Shutter Island (2010),,,Upscaled 4K,HDR,Dolby Vision,5.1 DTS-HD-MA
Sicario,,,Upscaled 4K,HDR,,"Dolby Atmos, True-HD 7.1"
Sicario 2: Soldado,,,Upscaled 4K,HDR,,"Dolby Atmos, True-HD 7.1"
Sing (2016),,,Upscaled 4K,HDR,,"Dolby Atmos, True-HD 7.1"
Sing 2 (2021),April 2022,,Upscaled 4K,HDR10,Dolby Vision,"Dolby Atmos, True-HD 7.1"
Singin' in the Rain (1952),May 2022,Native 4K,,HDR10,,5.1 DTS-HD-MA
Skyfall (2012),,Native 4K,,HDR10,Dolby Vision,5.1 DTS-HD-MA
Skyscraper (2018),,,Upscaled 4K,HDR,Dolby Vision,"Dolby Atmos, True-HD 7.1"
Smokin' Aces (2006),May 2022,,Upscaled 4K,HDR10,,"DTS:X, DTS-HD MA 7.1"
Smurfs: The Lost Village,,,Upscaled 4K,HDR,,"Dolby Atmos, True-HD 7.1"
Snake Eyes: G.I. Joe Origins (2021),Feb 2022,Native 4K,,HDR10,Dolby Vision,"Dolby Atmos, True-HD 7.1"
Snitch,,,Upscaled 4K,HDR,,7.1
Snow White And The Huntsman,,,Upscaled 4K,HDR,,
Some Like It Hot (1959),May 2022,Native 4K,,HDR10,Dolby Vision,DTS-HD MA 2.0 Mono
Song to Song,,Native 4K inpart,,HDR,,"Dolby Atmos, True-HD 7.1"
Sonic the Hedgehog (2020),,Native 4K,,HDR10,Dolby Vision,"Dolby Atmos, True-HD 7.1"
Soul (2020),,Native 4K,,HDR10,,"Dolby Atmos, True-HD 7.1"
Source Code (2011),,,Upscaled 4K,HDR,Dolby Vision,"Dolby Atmos, True-HD 7.1"
Space Adventure Cobre,,Native 4K,,HDR10,Dolby Vision,TBC
Space Jam (1996),,Native 4K,,HDR10,,"Dolby Atmos, True-HD 7.1"
Space Station (2002),,Native 4K,,HDR10,,"DTS:X, DTS-HD MA 7.1"
Spaceballs (1987),,Native 4K,,HDR10,,5.1 DTS-HD-MA
Spartacus (1960),,Native 4K,,HDR10,Dolby Vision,"DTS:X, DTS-HD MA 7.1"
Spectre (2015),,Native 4K,,HDR10,Dolby Vision,7.1 DTS-HD-MA
Speed (1994),,Native 4K,,HDR10,,5.1 DTS-HD-MA
Spider-Man,,Native 4K,,HDR,,"Dolby Atmos, True-HD 7.1"
Spider-Man 2,,Native 4K,,HDR,,"Dolby Atmos, True-HD 7.1"
Spider-Man 3,,Native 4K,,HDR,,"Dolby Atmos, True-HD 7.1"
Spider-Man: Far from Home (2019),,,Upscaled 4K,HDR & HDR10+,Dolby Vision,"Dolby Atmos, True-HD 7.1"
Spider-Man: Homecoming,,,Upscaled 4K,HDR10,Dolby Vision,"Dolby Atmos, True-HD 7.1"
Spider-Man: Into the Spider-Verse (2018),,,Upscaled 4K,HDR10,,"Dolby Atmos, True-HD 7.1"
Spider-Man: No Way Home (2021),April 2022,,Upscaled 4K,HDR10,Dolby Vision,"Dolby Atmos, True-HD 7.1"
Spies in Disguise (2020),,,Upscaled 4K,HDR10,,"Dolby Atmos, True-HD 7.1"
Spiral: From the Book of Saw (2021),Feb 2022,Native 4K,,HDR10,,"Dolby Atmos, True-HD 7.1"
Split (2017),,,Upscaled 4K,HDR,,5.1 DTS-HD-MA
Spy,,,Upscaled 4K,HDR,,
Stand by Me,,Native 4K,,HDR10,,"Dolby Atmos, True-HD 7.1"
Star Trek (2009),,,Upscaled 4K,HDR,,"Dolby Atmos, True-HD 7.1"
Star Trek Beyond (2013),,,Upscaled 4K,HDR,,"Dolby Atmos, True-HD 7.1"
Star Trek II: The Wrath of Khan (1982),,Native 4K,,HDR,,
Star Trek into Darkness (2016),,,Upscaled 4K,HDR,,"Dolby Atmos, True-HD 7.1"
Star Wars: Episode I - The Phantom Menace,,,Upscaled 4K,HDR10,,"Dolby Atmos, True-HD 7.1"
Star Wars: Episode II - Attack of the Clones,,,Upscaled 4K,HDR10,,"Dolby Atmos, True-HD 7.1"
Star Wars: Episode III - Revenge of the Sith,,,Upscaled 4K,HDR10,,"Dolby Atmos, True-HD 7.1"
Star Wars: Episode IV - A New Hope,,Native 4K,,HDR10,,"Dolby Atmos, True-HD 7.1"
Star Wars: Episode IX - The Rise of Skywalker,,Native 4K,,HDR10,,"Dolby Atmos, True-HD 7.1"
Star Wars: Episode V - The Empire Strikes Back,,Native 4K,,HDR10,,"Dolby Atmos, True-HD 7.1"
Star Wars: Episode VI - Return of the Jedi,,Native 4K,,HDR10,,"Dolby Atmos, True-HD 7.1"
Star Wars: Episode VII - The Force Awakens,,,Upscaled 4K,HDR10,,"Dolby Atmos, True-HD 7.1"
Star Wars: Episode VIII – The Last Jedi,,Native 4K,,HDR10,Dolby Vision,"Dolby Atmos, True-HD 7.1"
Star Wars: Rogue One - A Star Wars Story,,Native 4K,,HDR10,,"Dolby Atmos, True-HD 7.1"
Star Wars: Solo - A Star Wars Story,,Native 4K,,HDR,,"Dolby Atmos, True-HD 7.1"
Starship Troopers (1997),April 2022,Native 4K,,HDR,,"Dolby Atmos, True-HD 7.1"
Stiff Competition (1985),May 2022,Native 4K,,HDR10,,DTS-HD Master Audio 2.0 Mono
Storks,,,Upscaled 4K,HDR,,
Straight Outta Compton,,,Upscaled 4K,HDR,,
Stranger Things,,Native 4K,,HDR,,
Stuber (2019),,,Upscaled 4K,HDR10+,,"Dolby Atmos, True-HD 7.1"
Suburbicon (2017),,,Upscaled 4K,HDR10,,TBC
Suicide Squad,,,Upscaled 4K,HDR,,"Dolby Atmos, True-HD 7.1"
Sully,,Native 4K,,HDR,,"Dolby Atmos, True-HD 7.1"
Super 8 (2011),,Native 4K,,HDR10,Dolby Vision,Dolby True-HD 7.1
Super Dark Times,,,Upscaled 4K,,,
Superman: Man of Tomorrow (2020),,,Upscaled 4K,HDR10,,5.1 DTS-HD-MA
Superman: The Movie (1978),,Native 4K,,HDR,Dolby Vision,"Dolby Atmos, True-HD 7.1"
Superman: Red Son (2020),Feb 2022,,Upscaled 4K,HDR10,,5.1 DTS-HD-MA
Suspiria (1977),,Native 4K,,HDR10,,"Dolby Atmos (English), DTS-HD MA 4.0, (English), DTS-HD MA 45.1 (Italian)"
T2 Trainspotting,,,Upscaled 4K,HDR,,Dolby Atmos True-HD
Talladega Nights: The Ballad of Ricky Bobby,,Native 4K,,,,
Tangled (Disney),,,Upscaled 4K,HDR10,,"Dolby Atmos, True-HD 7.1"
Ted,,,Upscaled 4K,,,
Ted 2,,,Upscaled 4K,,,
Teenage Mutant Ninja Turtles: Out of the Shadows,,,Upscaled 4K,HDR,,Dolby Atmos True-HD
Tenet (2020),,Native 4K,,HDR10,,5.1 DTS-HD-MA
Terminator : Dark Fate (2019),,,Upscaled 4K,HDR10,Dolby Vision,"Dolby Atmos, True-HD 7.1"
Terminator 2: Judgement Day,,Native 4K,,HDR10,,5.1 DTS-HD-MA
Terminator: Genisys,,,Upscaled 4K,HDR10,Dolby Vision,"Dolby Atmos, True-HD 7.1"
The 15:17 to Paris,,,Upscaled 4K,HDR,,7.1
The 5th Wave,,,Upscaled 4K,HDR,,Dolby Atmos True-HD
The Accountant,,,Upscaled 4K,HDR,,7.1 DTS HD-MA
The Adams Family (1991),Aug 2021,Native 4K,,HDR10,,5.1 DTS-HD-MA
The Amazing Spider-Man,,Native 4K,,,,Dolby Atmos True-HD
The Amazing Spider-Man 2,,Native 4K,,HDR,,Dolby Atmos True-HD
The Angry Birds Movie (2016),,,Upscaled 4K,HDR,,"Dolby Atmos, True-HD 7.1"
The Angry Birds Movie 2 (2019),,,Upscaled 4K,HDR10,,"DTS:X, DTS-HD MA 7.1"
The Apartment (1960),Jan 2022,Native 4K,,,,DTS-HD MA 2.0 Mono
The Batman (2022),May 2022,Native 4K,,HDR10,Dolby Vision,"Dolby Atmos, True-HD 7.1"
The Beatmaster (1982),,Native 4K,,HDR10,,5.1 DTS-HD-MA
The Big Chill,,Native 4K,,,,
The Big Lebowski,,Native 4K,,HDR,,
The Big Sick,,,Upscaled 4K,,,
The Bird with the Crystal Plumage (1970),,Native 4K,,HDR,Dolby Vision,DTS-HD MA 2.0
The Birds (1963) - Alfred Hitchcock,,Native 4K,,HDR10,,DTS-HD MA 2.0
The Blacklist,,Native 4K,,,,
The Boss Baby (2017),,,Upscaled 4K,HDR10,,"Dolby Atmos, True-HD 7.1"
The Boss Baby: Faily Business (2021),Feb 2022,,Upscaled 4K,HDR10,Dolby Vision,"Dolby Atmos, True-HD 7.1"
The Bourne Identity (2002),,,Upscaled 4K,HDR10,,DTS:X
The Bourne Legacy (2012),,,Upscaled 4K,HDR10,,DTS:X
The Bourne Supremacy (2004),,,Upscaled 4K,HDR10,,DTS:X
The Bourne Ultimatum (2007),,,Upscaled 4K,HDR10,,DTS:X
The Bridge on the River Kwai (1957),June 2022,Native 4K,,HDR,Dolby Vision,"Dolby Atmos, True-HD 7.1"
The Brothers Grimsby,,,Upscaled 4K,HDR,,
The Burning Sea (2021),May 2022,Native 4K,,HDR,Dolby Vision,"Dolby Atmos, True-HD 7.1"
The Cabin in the Woods (2011),May 2022,,Upscaled 4K,HDR10,Dolby Vision,"Dolby Atmos, True-HD 7.1"
The Call of the Wild (2020),,Native 4K,,HDR10,,"Dolby Atmos, True-HD 7.1"
The Changeling (1980),Aug 2022,Native 4K,,,,
The Cat o' Nine Tails (1971),,Native 4K,,HDR10,Dolby Vision,DTS-HD MA 2.0 Mono
The Commuter,,Native 4K,,HDR,,Dolby Atmos True-HD
The Conjuring,,,Upscaled 4K,HDR,,
The Conjuring 2 (2016),,,Upscaled 4K,HDR,,
The Conuring 3: The Devil Made Me Do It (2021),Feb 2022,,Upscaled 4K,HDR10,,"Dolby Atmos, True-HD 7.1"
The Contractor (2022),May 2022,,Upscaled 4K,HDR10,Dolby Vision,7.1 DTS-HD MA
The Craft (1996),May 2022,Native 4K,,HDR10,,5.1 DTS-HD-MA
The Croods: A New Age (2020),,,Upscaled 4K,HDR10,Dolby Vision,"Dolby Atmos, True-HD 7.1"
The Da Vinci Code,,Native 4K,,HDR,,Dolby Atmos True-HD
The Dark Crystal,,Native 4K,,HDR,,Dolby Atmos True-HD
The Dark Knight,,Native 4K,,HDR,,5.1 DTS-HD-MA
The Dark Knight Rises,,Native 4K,,HDR,,5.1 DTS-HD-MA
The Dark Knight Trilogy,,Native 4K,,HDR,,5.1 DTS-HD-MA
The Dark Tower,,Native 4K,,HDR,,Dolby Atmos True-HD
The Darkest Minds,,,Upscaled 4K,HDR,,
The Day of the Beast (1995),,Native 4K,,HDR10,,DTS-HD MA 2.0
The Day The Earth Stood Still,,Native 4K,,,,
The Death Of Superman,,,Upscaled 4K,HDR10,,5.1 DTS-HD-MA
The Deer Hunter,,Native 4K,,HDR,,5.1 DTS-HD-MA
The Defenders,,Native 4K,,HDR,,7.1
The Disaster Artist,,,Upscaled 4K,HDR,,
The Divergent Series: Allegiant,,Native 4K,,HDR,,
The Divergent Series: Insurgent,,,Upscaled 4K,HDR,,7.1
The Doors (1991),,Native 4K,,HDR10+,Dolby Vision,"Dolby Atmos, True-HD 7.1"
The Edge of Tomorrow (2014) - Live Die Repeat,Nov 2022,,Upscaled 4K,HDR10,,"Dolby Atmos, True-HD 7.1"
The Emoji Movie,,,Upscaled 4K,HDR,,
The Equalizer,,,Upscaled 4K,HDR,,"Dolby Atmos, True-HD 7.1"
The Equalizer 2,,,Upscaled 4K,HDR,,"Dolby Atmos, True-HD 7.1"
The Evil Dead (1981),,Native 4K,,HDR10,Dolby Vision,Dolby True-HD 5.1
The Expendables 3,,Native 4K,,HDR,,Dolby Atmos True-HD
The Fast and the Furious (2001),,Native 4K,,HDR10,,"DTS: X, 7.1 DTS HD-MA"
The Fast and the Furious Tokyo Drift (2006),,,Upscaled 4K,HDR,,"DTS: X, 7.1 DTS HD-MA"
The Fate of the Furious (2017) - Fast & Furious 8,,,Upscaled 4K,HDR,Dolby Vision,"DTS: X, 7.1 DTS HD-MA"
The Fifth Element (1997),,Native 4K,,HDR,,"Dolby Atmos, True-HD 7.1"
The Final Countdown (1980),,Native 4K,,HDR10,Dolby Vision,"Dolby Atmos, True-HD 7.1"
The First Purge (2018),Feb 2022,,Upscaled 4K,HDR10,,"DTS: X, 7.1 DTS HD-MA"
The Florida Project,,Native 4K,,,,
The Fog,,Native 4K,,HDR,Dolby Vision,"Dolby Atmos, True-HD 7.1"
The Forever Purge (2021),Feb 2022,,Upscaled 4K,HDR10,,"Dolby Atmos, True-HD 7.1"
The Funhouse (1981),Nov 2022,Native 4K,,HDR10,Dolby Vision,"Dolby Atmos, True-HD 7.1"
The Gallows,,,Upscaled 4K,HDR,,
The Gentlemen (2019),,Native 4K,,HDR10,,7.1 DTS-HD-MA
The Get Down,,Native 4K,,,,
The Girl in the Spider's,,Native 4K,,HDR,,Dolby Atmos True-HD
The Girl on the Train,,,Upscaled 4K,HDR,,"DTS: X, 7.1 DTS HD-MA"
The Godfather Trilogy (1972-1990),April 2022,Native 4K,,HDR10,Dolby Vision,Dolby True-HD 5.1
"The Godfather, Coda: The Death of Michael 
Corleone (1990)",Aug 2022,Native 4K,,HDR10,Dolby Vision,Dolby True-HD 5.1
The Good Dinosaur (2015),,,Upscaled 4K,HDR10,,"Dolby Atmos, True-HD 7.1"
"The Good, the Bad and the Ugly (1966)",,Native 4K,,,,DTS-HD Master Audio 2.0 Mono
The Goonies (1985),,Native 4K,,HDR10,,5.1 DTS-HD-MA
The Great Escape (1963),May 2022,Native 4K,,,,DTS-HD Ma 2.0 Mono
The Great Gatsby,,,Upscaled 4K,HDR,,
The Great Wall,,Native 4K,,HDR,,"Dolby Atmos, True-HD 7.1"
The Greatest Showman,,Native 4K,,HDR,,"Dolby Atmos, True-HD 7.1"
The Green Knight (2021),Feb 2022,Native 4K,,HDR10,Dolby Vision,"Dolby Atmos, True-HD 7.1"
The Green Mile (1999),May 2022,Native 4K,,HDR10,,"Dolby Atmos, True-HD 7.1"
The Grinch (2018),,,Upscaled 4K,HDR,Dolby Vision,"Dolby Atmos, True-HD 7.1"
The Guns of Navarone (1961),Aug 2021,Native 4K,,HDR10,,"Dolby Atmos, True-HD 7.1"
The Hitman’s Bodyguard,,,Upscaled 4K,HDR,,"Dolby Atmos, True-HD 7.1"
The Hobbit: An Unexpected Journey (2012),,Native 4K,,HDR10,Dolby Vision,"Dolby Atmos, True-HD 7.1"
The Hobbit: The Battle of the Five Armies (2014),,Native 4K,,HDR10,Dolby Vision,"Dolby Atmos, True-HD 7.1"
The Hobbit: The Desolation of Smaug (2013),,Native 4K,,HDR10,Dolby Vision,"Dolby Atmos, True-HD 7.1"
The Holiday,,Native 4K,,,,
The House,,,Upscaled 4K,HDR,,
The House by the Cemetery (1981),,Native 4K,,HDR10,Dolby Vision,"Dolby Atmos, True-HD 7.1"
The House with a Clock in Its Walls,,,Upscaled 4K,HDR,,7.1 DTS-HD-MA
The Howling (1981),Jan 2022,Native 4K,,HDR10,Dolby Vision,5.1 DTS-HD-MA
The Hunger Games,,,Upscaled 4K,HDR,,"Dolby Atmos, True-HD 7.1"
The Hunger Games: Catching Fire,,Native 4K,,HDR,,"Dolby Atmos, True-HD 7.1"
The Hunger Games: Mockingjay Part 1,,,Upscaled 4K,HDR,,"Dolby Atmos, True-HD 7.1"
The Hunger Games: Mockingjay Part 2,,,Upscaled 4K,HDR,,"Dolby Atmos, True-HD 7.1"
The Hunt For Red October (1990),,Native 4K,,HDR,Dolby Vision,True-HD 5.1
The Huntsman: Winter’s War,,,Upscaled 4K,HDR,,7.1 DTS-HD-MA
The hurt Locker (2008),May 2022,,Upscaled 4K,HDR,Dolby Vision,"Dolby Atmos, True-HD 7.1"
The Incredible Hulk (2008),,,Upscaled 4K,HDR,Dolby Vision,"DTS: X, 7.1 DTS HD-MA"
The Incredibles (2004),,,Upscaled 4K,HDR10,,"Dolby Atmos, True-HD 7.1"
The Intern,,,Upscaled 4K,HDR,,
The Invisible Man (1933),Aug 2022,Native 4K,,HDR10,,DTS-HD MA Mono
The Invisible Man (2020),,Native 4K,,HDR10+,,"Dolby Atmos, True-HD 7.1"
The Karate Kid (2010),,Native 4K,,,,
The Kid Who Would Be King (2019),Feb 2022,,Upscaled 4K,HDR10+,,"Dolby Atmos, True-HD 7.1"
The Kings Man (2021),May 2022,,Upscaled 4K,HDR,Dolby Vision,"Dolby Atmos, True-HD 7.1"
The Last Detail (1973),Aug 2022,Native 4K,,HDR10,Dolby Vision,DTS-HD MA Mono
The Last Duel (2021),Feb 2022,Native 4K,,HDR,,"Dolby Atmos, True-HD 7.1"
The Last Waltz (1978),May 2022,Native 4K,,HDR10,Dolby Vision,5.1 DTS-HD-MA
The Last Witch Hunter,,,Upscaled 4K,HDR,,"DTS: X, 7.1 DTS HD-MA"
The Legend of Hercules,,,Upscaled 4K,HDR,,7.1
The Legend of Tarzan,,,Upscaled 4K,HDR,,"Dolby Atmos, True-HD 7.1"
The Lego Batman Movie (2017),,,Upscaled 4K,HDR10,,"Dolby Atmos, True-HD 7.1"
The Lego Movie (2014),,,Upscaled 4K,HDR10,,5.1 DTS-HD-MA
The Lego Movie 2 (2019),Feb 2022,,Upscaled 4K,HDR10,,"Dolby Atmos, True-HD 7.1"
The Lego Ninjago Movie (2017),,,Upscaled 4K,HDR,,"Dolby Atmos, True-HD 7.1"
The Limey (1999),Aug 2022,Native 4K,,HDR10,Dolby Vision,5.1 DTS-HD-MA
The Lincoln Lawyer,,,Upscaled 4K,HDR,,7.1
The Lion King (1994),,,Upscaled 4K,HDR,,"Dolby Atmos, True-HD 7.1"
The Lion King (2019),,,Upscaled 4K,HDR10,,"Dolby Atmos, True-HD 7.1"
The Lord of the Rings: The Fellowship of the Ring,,,Upscaled 4K,HDR10,Dolby Vision,"Dolby Atmos, True-HD 7.1"
The Lord of the Rings: The Return of the King,,,Upscaled 4K,HDR10,Dolby Vision,"Dolby Atmos, True-HD 7.1"
The Lord of the Rings: The Two Towers,,,Upscaled 4K,HDR10,Dolby Vision,"Dolby Atmos, True-HD 7.1"
The Lost World- Jurassic Park (1997),,Native 4K,,HDR,Dolby Vision,"DTS: X, 7.1 DTS HD-MA"
The Lover (1992),Jan 2022,Native 4K,,HDR10+,Dolby Vision,5.1 DTS-HD-MA
The Magnificent Seven (2016),,,Upscaled 4K,HDR,,7.1 DTS-HD-MA
The Man from U.N.C.L.E.,,,Upscaled 4K,HDR,,
The Man in the High Castle,,Native 4K,,HDR,,5.1 DTS-HD-MA
The Man Who Shot Liberty Valance (1962),May 2022,Native 4K,,HDR10,Dolby Vision,True-HD 5.1
The Many Saints of Newark (2021),Feb 2022,Native 4K,,HDR10,,"Dolby Atmos, True-HD 7.1"
"The Martian | CGI scenes shot
in 2K and upscaled",,Native 4K,,HDR,,7.1 DTS-HD-MA
"The Martian Extended | CGI scenes
shot in 2K and upscaled",,Native 4K,,HDR,,"Dolby Atmos, True-HD 7.1"
The Mask of Zorro (1998),,Native 4K,,HDR10,,"Dolby Atmos, True-HD 7.1"
The Matrix (1999),,Native 4K,,HDR,Dolby Vision,"Dolby Atmos, True-HD 7.1"
The Matrix Reloaded (2003),,Native 4K,,HDR,Dolby Vision,"Dolby Atmos, True-HD 7.1"
The Matrix Revolutions (2003),,Native 4K,,HDR,Dolby Vision,"Dolby Atmos, True-HD 7.1"
The Matrix Resurrections (2021),April 2022,Native 4K,,HDR,Dolby Vision,"Dolby Atmos, True-HD 7.1"
The Maze Runner,,,Upscaled 4K,HDR,,7.1
The Meg (2018),,,Upscaled 4K,HDR,Dolby Vision,"Dolby Atmos, True-HD 7.1"
The Monuments Men,,,Upscaled 4K,,,
The Mountain Between Us,,,Upscaled 4K,HDR,,7.1
The Mummy (2017),,,Upscaled 4K,HDR,,"Dolby Atmos, True-HD 7.1"
The Natural,,Native 4K,,HDR,,
The Neon Demon,,,Upscaled 4K,,,5.1 DTS-HD-MA
The New Mutants (2020),,Native 4K,,HDR10,,"Dolby Atmos, True-HD 7.1"
The New York Ripper (1982),,Native 4K,,HDR10,,"Dolby Atmos, True-HD 7.1"
The Nice Guys,,,Upscaled 4K,HDR,,
The Northman (2022),June 2022,Native 4K,,HDR,Dolby Vision,"Dolby Atmos, True-HD 7.1"
The Nun,,,Upscaled 4K,HDR,,
The Other Guys,,Native 4K,,,,
The Outpost (2020),,Native 4K,,,,5.1 DTS-HD-MA
The Patriot,,Native 4K,,HDR,,"Dolby Atmos, True-HD 7.1"
The Peanuts Movie,,,Upscaled 4K,HDR,,7.1
The Perfect Guy,,Native 4K,,,,
The Piano (1993),Jan 2022,Native 4K,,HDR & HDR10+,Dolby Vision,5.1 DTS-HD-MA
The Post,,Native 4K,,,,
The Power of the Dog (2021),Aug 2022,Native 4K,,HDR10,Dolby Vision,"Dolby Atmos, True-HD 7.1"
The Predator (2018),,,Upscaled 4K,HDR,,"Dolby Atmos, True-HD 7.1"
The Prestige,,Native 4K,,HDR,,5.1 DTS-HD-MA
The Princess and the Frog,,,Upscaled 4K,HDR10,,"Dolby Atmos, True-HD 7.1"
The Princess Bride,,,Upscaled 4K,,,
The Protege (2021),Feb 2021,Native 4K,,HDR10,Dolby Vision,"Dolby Atmos, True-HD 7.1"
The Punisher (2004),May 2022,Native 4K,,HDR,Dolby Vision,"Dolby Atmos, True-HD 7.1"
The Purge (2013),,,Upscaled 4K,HDR,,"DTS: X, 7.1 DTS HD-MA"
The Purge: Anarchy (2014),,,Upscaled 4K,HDR,,"DTS: X, 7.1 DTS HD-MA"
The Purge: Election Year (2016),,,Upscaled 4K,HDR10,,"DTS: X, 7.1 DTS HD-MA"
The Quick and the Dead (1995),May 2022,Native 4K,,HDR10,,"Dolby Atmos, True-HD 7.1"
The Ranch,,Native 4K,,,,
The Return of the Living Dead (1985),Nov 2022,Native 4K,,HDR10,,DTS-HD MA 5.1
The Revenant,,Native 4K,,HDR,,7.1 DTS-HD-MA
The Running Man (1987),Aug 2022,Native 4K,,HDR10,Dolby Vision,7.1 DTS-HD-MA
The Sandlot,,,Upscaled 4K,,,
The Score (2001),Aug 2022,Native 4K,,HDR10,Dolby Vision,
The Secret Life of Pets,,,Upscaled 4K,HDR & HDR10,,"Dolby Atmos, True-HD 7.1"
The Secret Life of Pets 2 (2019),,,Upscaled 4K,HDR & HDR10+,Dolby Vision,"Dolby Atmos, True-HD 7.1"
The Shallows,,,Upscaled 4K,HDR,,"Dolby Atmos, True-HD 7.1"
The Shape of Water,,,Upscaled 4K,HDR,,5.1 DTS-HD-MA
The Shining (1980),,Native 4K,,HDR10+,Dolby Vision,DTS-HD MA 5.1
The Silence of The Lambs (1991),,Native 4K,,HDR,Dolby Vision,5.1 DTS-HD-MA
The Smurfs,,,Upscaled 4K,HDR,,"Dolby Atmos, True-HD 7.1"
The Smurfs 2,,,Upscaled 4K,HDR,,"Dolby Atmos, True-HD 7.1"
The Snowman,,,Upscaled 4K,HDR,,7.1
The Spine of Night (2021),Feb 2022,Native 4K,,,,DTS-HD MA 5.1
The Star,,,Upscaled 4K,HDR,,7.1
The Sting (1973),,Native 4K,,HDR10,,DTS-HD MA 5.1
The Suicide Squad (2021),Feb 2022,Native 4K,,HDR10+,Dolby Vision,"Dolby Atmos, True-HD 7.1"
The Sum Of All Fears (2002),,Native 4K,,HDR,Dolby Vision,True-HD 5.1
The Sword and the Sorcerer (1982),May 2022,Native 4K,,HDR10,Dolby Vision,DTS-HD MA 2.0
The Tax Collector (2019),Feb 2022,,Upscaled 4K,,,DTS-HD MA 5.1
The Ten Commandments (1956),July 2021,Native 4K,,HDR10,Dolby Vision,DTS-HD MA 5.1
The Texas Chainsaw Massacre,,,Upscaled 4K,,,"Dolby Atmos, True-HD 7.1, AURO-3D, DTS-HD MA"
The Thing (1982),Jan 2022,Native 4K,,HDR10,,7.1 DTS-HD-MA
The Toolbox Murders (1978),May 2022,Native 4K,,HDR10,Dolby Vision,"Dolby Atmos, True-HD 7.1"
The Tourist,,Native 4K,,,,
The Town (2010),,,Upscaled 4K,HDR,,DTS-HD MA 5.1
The Transformers (1986),Aug 2021,Native 4K,,HDR10,Dolby Vision,DTS-HD MA 5.1
The Trouble with Harry (1955),May 2022,Native 4K,,HDR10,,DTS-HD Master Audio 2.0 Mono
The Ugly Truth,,Native 4K,,,,
The Untouchables (1987),May 2022,Native 4K,,HDR10,Dolby Vision,"Dolby Atmos, True-HD 7.1"
The Usual Suspects (1995),Aug 2022,Native 4K,,HDR10,Dolby Vision,
The Virgin Suicides (1999),June 2022,Native 4K,,HDR10,,5.1 DTS-HD MA
The Vow,,,Upscaled 4K,,,
The Walk,,,Upscaled 4K,,,
The Wedding Ringer,,Native 4K,,,,
The Witch (2015),April 2022,,Upscaled,HDR10,Dolby Vision,5.1 DTS-HD MA
The Wizard of Oz (1939),,Native 4K,,HDR10+,Dolby Vision,DTS-HD MA 5.1
The Wolf Man (1941),Aug 2022,Native 4K,,HDR10,,DTS-HD MA 2.0
The Wolf of Wall Street (2013),Aug 2021,Native 4K,,TBC,TBC,TBC
The Worlds End,,,Upscaled 4K,HDR10+,,"DTS:X, DTS-HD MA 7.1"
They Live (1988),,Native 4K,,HDR10,,"Dolby Atmos, True-HD 7.1"
This Is The End,,Native 4K,,,,
Thor (2011),,,Upscaled 4K,HDR10,,"Dolby Atmos, True-HD 7.1"
Thor: Ragnarok (2017),,,Upscaled 4K,HDR,,"Dolby Atmos, True-HD 7.1"
Thor: The Dark World (2013),,,Upscaled 4K,HDR10,,"Dolby Atmos, True-HD 7.1"
Thor: Love and Thunder (2022),Nov 2022,Native 4K,,HDR10,,"Dolby Atmos, True-HD 7.1"
"Three Billboards Outside Ebbing, Missouri",,,Upscaled 4K,HDR,,5.1 DTS-HD-MA
Thriller: A Cruel Picture (1973),May 2022,Native 4K,,HDR10,,DTS-HD MA Mono
Tinker Tailor Soldier Spy (2011),May 2022,Native 4K,,HDR10,Dolby Vision,5.1 DTS-HD MA
To Kill A Mockingbird (1962),Nov 2022,Native 4K,,HDR10,,5.1 DTS-HD MA
Tomb Raider,,Native 4K,,HDR,,Dolby Atmos True-HD
Top Gun (1986),,Native 4K,,HDR10,Dolby Vision,"Dolby Atmos, True-HD 7.1"
Top Gun: Maverick (2022),June 2022,Native 4K,,HDR10,Dolby Vision,"Dolby Atmos, True-HD 7.1"
Total Recall (2012),,Native 4K,,HDR10,Dolby Vision,"Dolby Atmos, True-HD 7.1"
Touch of Evil (1958),April 2022,Native 4K,,HDR10,Dolby Vision,DTS-HD Master Audio 2.0 Mono
Toy Story (1995),,,Upscaled 4K,HDR,,Dolby Atmos True-HD
Toy Story 2 (1999),,,Upscaled 4K,HDR,,Dolby Atmos True-HD
Toy Story 3 (2010),,,Upscaled 4K,HDR,,Dolby Atmos True-HD
Toy Story 4 (2019),,Native 4K,,HDR10,,"Dolby Atmos, True-HD 7.1"
Trancers (1984),Aug 2022,Native 4K,,HDR10,,
Train to Busan Presents: Peninsula (2020),,,Upscaled 4K,HDR10,,"Dolby Atmos, True-HD 7.1"
Transformers (2007),,,Upscaled 4K,HDR,Dolby Vision,Dolby Atmos True-HD
Transformers: Age of Extinction (2014),,,Upscaled 4K,HDR,Dolby Vision,Dolby Atmos True-HD
Transformers: Dark of the Moon (2011),,,Upscaled 4K,HDR,Dolby Vision,Dolby Atmos True-HD
Transformers: Revenge of the Fallen (2009),,,Upscaled 4K,HDR,Dolby Vision,Dolby Atmos True-HD
Transformers: The Last Knight (2017),,,Upscaled 4K,HDR,Dolby Vision,Dolby Atmos True-HD
Transparent,,Native 4K,,HDR,,
Tremors (1990),,Native 4K,,HDR,Dolby Vision,5.1 DTS-HD-MA
Trolls (2016),,,Upscaled 4K,HDR,,"Dolby Atmos, True-HD 7.1"
Trolls World Tour (2020),,,Upscaled 4K,HDR10+,Dolby Vision,"Dolby Atmos, True-HD 7.1"
Tropic Thunder (2008),Aug 2022,Native 4K,,HDR10,Dolby Vision,
Turning Red (2022),May 2022,Native 4K,,HDR10,,"Dolby Atmos, True-HD 7.1"
Turtle Odyssey,,Native 4K,,HD10,,"DTS:X, DTS-HD 7.1"
Two Evil Eyes (1990),,Native 4K,,HDR10,Dolby Vision,"Dolby Atmos, True-HD 7.1"
Uncut Gems (2019),Feb 2022,Native 4K,,HDR10,Dolby Vision,"Dolby Atmos, True-HD 7.1"
Unbreakable (2000),Jan 2022,Native 4K,,HDR10,,5.1 DTS-HD-MA
Uncharted (2022),May 2022,,Upscaled 4K,HDR10,Dolby Vision,"Dolby Atmos, True-HD 7.1"
Underworld - Blood Wars (2016),,Native 4K,,HDR,,"Dolby Atmos, True-HD 7.1"
Underworld (2003),,,Upscaled 4K,HDR10,,"Dolby Atmos, True-HD 7.1"
Unforgiven,,Native 4K,,HDR,,5.1 DTS-HD-MA
Universal Soldier (1992),,Native 4K,,HDR10+,Dolby Vision,TBC
Us (2019),,,Upscaled 4K,HDR10,Dolby Vision,"Dolby Atmos, True-HD 7.1"
V for Vendetta (2006),,Native 4K,,HDR10,,"Dolby Atmos, True-HD 7.1"
Vacation,,,Upscaled 4K,HDR,,
Valerian and the City of a Thousand Planets,,,Upscaled 4K,HDR,,Dolby Atmos True-HD
Van Helsing (2004),,,Upscaled 4K,HDR,,"DTS:X, DTS-HD MA 7.1"
Venom (2018),,,Upscaled 4K,HDR,Dolby Vision,"Dolby Atmos, True-HD 7.1"
Venom: Let There Be Carnage (2021),Feb 2022,,Upscaled 4K,HDR,Dolby Vision,"Dolby Atmos, True-HD 7.1"
Verdi: Il Trovatore,,Native 4K,,,,5.1 DTS-HD-MA
Vertigo (1958) - Alfred Hitchcock,,Native 4K,,HDR10,,"DTS:X, DTS-HD MA 7.1"
VFW (2019),Feb 2022,Native 4K,,,,5.1 DTS-HD-MA
Video Game High School,,Native 4K,,,,
Vigilante (1982),,Native 4K,,HDR10,Dolby Vision,"Dolby Atmos, True-HD 7.1"
Voyagers (2021),,,Upscaled 4K,HDR10,Dolby Vision,Dolby True-HD 5.1
WALL•E (2008),Nov 2022,,Upscaled 4K,HDR10+,,
Wall Street,,Native 4K,,,Dolby Vision,"Dolby Atmos, True-HD 7.1"
War Dogs,,,Upscaled 4K,HDR,,
War for the Planet of the Apes (2017),,,Upscaled 4K,HDR,,Dolby Atmos True-HD
War of the Worlds (2005),,Native 4K,,HDR10,,"Dolby Atmos, True-HD 7.1"
Warcraft,,,Upscaled 4K,HDR,,Dolby Atmos True-HD
Warm Bodies,,,Upscaled 4K,HDR,,7.1
Warrior,,,Upscaled 4K,HDR,,Dolby Atmos True-HD
Watchmen,,,Upscaled 4K,HDR,,True-HD 5.1
Waterworld (1995),,Native 4K,,HDR10,,"DTS:X, DTS-HD MA 7.1"
We Are Your Friends,,,Upscaled 4K,HDR,,
Weathering with You (2019),,,Upscaled 4K,HDR,Dolby Vision,5.1 DTS-HD-MA
Welcome To Marwen,,Native 4K,,HDR,,
West Side Story (2021),May 2022,Native 4K,,HDR10,,"Dolby Atmos, True-HD 7.1"
Westworld (TV Show),,Native 4K,,HDR,Dolby Vision,"Dolby Atmos, True-HD 7.1"
Wet Hot American Summer: First Day of Camp,,Native 4K,,,,
Whiplash (2014),,,Upscaled 4K,HDR10,,"Dolby Atmos, True-HD 7.1"
Who Framed Roger Rabbit (1988),Aug 2022,Native 4K,,HDR10,,"Dolby Atmos, True-HD 7.1"
Why Him?,,,Upscaled 4K,HDR,,7.1
Widows,,Native 4K,,HDR,,Dolby Atmos True-HD
Wild,,,Upscaled 4K,HDR,,5.1 DTS-HD-MA
Wild Things (1998),May 2022,Native 4K,,HDR10,Dolby Vision,5.1 DTS-HD-MA
Willy Wonka & the Chcolate Factory (1971),,Native 4K,,HDR10,,5.1 DTS-HD-MA
Wonder,,,Upscaled 4K,HDR,Dolby Vision,TrueHD 7.1 (No Atmos)
Wonder Woman 1984 (2020),,Native 4K,,HDR10+,Dolby Vision,"Dolby Atmos, True-HD 7.1"
Wonder Woman (2017) - WW84,,,Upscaled 4K,HDR10,,"Dolby Atmos, True-HD 7.1"
Wonder Woman Bloodlines (2019),,,Upscaled 4K,HDR,,5.1 DTS-HD-MA
Wonders Of The Arctic,,Native 4K,,HDR,,7.1
X-Men (2000),,Native 4K,,HDR,,5.1 DTS-HD-MA
X-Men- The Last Stand (2006),,,Upscaled 4K,HDR,,6.1 DTS-HD-MA
X-Men: Apocalypse (2016),,Native 4K,,HDR,,Dolby Atmos True-HD
X-Men: Dark Phoenix (2019),,,Upscaled 4K,HDR10+,,"Dolby Atmos, True-HD 7.1"
X-Men: Days of Future Past (2014),,,Upscaled 4K,HDR,,7.1 DTS-HD-MA
X-Men: First Class (2011),,,Upscaled 4K,HDR,,5.1 DTS-HD-MA
X2: X-Men United (2003),,Native 4K,,,,5.1 DTS-HD-MA
X-Ray (1982),May 2022,Native 4K,,HDR10,,DTS-HD MA 2.0 Mono
Yesterday (2019),Feb 2022,Native 4K,,HDR10+,,"Dolby Atmos, True-HD 7.1"
Zac Synder's Justice League (2021),Feb 2022,Native 4K,,HDR10,,"Dolby Atmos, True-HD 7.1"
Zero Dark Thirty,,,Upscaled 4K,HDR,,7.1
Zombi: Dawn of the Dead (1978),,Native 4K,,,,5.1 DTS-HD-MA
Zombieland (2009),,,Upscaled 4K,HDR10,,"Dolby Atmos, True-HD 7.1"
Zootopia,,,Upscaled 4K,HDR10,,"Dolby Atmos, True-HD 7.1"
